date,open,close,high,low,vol
2023-11-08,3610.64,3611.07,3627.05,3591.82,110594230.0
2023-11-09,3603.11,3612.83,3624.41,3601.37,111872057.0
2023-11-10,3596.07,3586.49,3599.45,3576.1,102107034.0
2023-11-13,3593.91,3579.41,3599.39,3562.77,96707649.0
2023-11-14,3581.1,3582.06,3600.15,3568.88,100884158.0
2023-11-15,3616.88,3607.25,3620.6,3596.92,104929218.0
2023-11-16,3600.98,3572.36,3605.29,3572.36,87464780.0
2023-11-17,3561.31,3568.07,3573.68,3547.03,87319207.0
2023-11-20,3569.73,3576.32,3586.97,3545.1,91080445.0
2023-11-21,3587.88,3581.07,3615.06,3575.68,108594314.0
2023-11-22,3569.44,3544.42,3574.38,3544.42,84784381.0
2023-11-23,3541.44,3561.52,3562.07,3529.94,84800167.0
2023-11-24,3560.65,3538.01,3560.65,3534.0,85018403.0
2023-11-27,3534.44,3511.94,3534.44,3492.86,99102314.0
2023-11-28,3510.66,3518.52,3521.05,3501.11,89335789.0
2023-11-29,3518.88,3488.31,3519.2,3482.24,98841412.0
2023-11-30,3485.52,3496.2,3505.13,3481.45,101350820.0
2023-12-01,3494.22,3482.88,3494.22,3452.17,108530941.0
2023-12-04,3481.04,3460.14,3488.13,3459.61,97156826.0
2023-12-05,3450.09,3394.26,3450.09,3393.81,100472007.0
2023-12-06,3387.88,3399.6,3420.28,3382.95,105805519.0
2023-12-07,3394.31,3391.28,3404.41,3369.77,97713248.0
2023-12-08,3391.86,3399.46,3409.38,3383.45,129522054.0
2023-12-11,3378.05,3419.45,3426.61,3346.89,139626249.0
2023-12-12,3410.0,3426.8,3427.55,3406.1,105590013.0
2023-12-13,3418.64,3369.61,3418.64,3369.61,95285367.0
2023-12-14,3387.38,3351.96,3399.14,3350.76,83655135.0
2023-12-15,3365.94,3341.55,3388.5,3339.52,97787783.0
2023-12-18,3329.19,3329.37,3352.35,3314.91,90526826.0
2023-12-19,3325.66,3334.04,3345.78,3313.19,83808118.0
2023-12-20,3334.33,3297.5,3338.54,3297.37,92412868.0
2023-12-21,3285.6,3330.87,3339.36,3283.99,102546198.0
2023-12-22,3329.47,3337.23,3359.06,3315.9,105220133.0
2023-12-25,3330.33,3347.45,3348.88,3330.33,74542693.0
2023-12-26,3345.4,3324.79,3345.42,3315.94,74732935.0
2023-12-27,3326.93,3336.36,3341.27,3309.67,94403928.0
2023-12-28,3335.56,3414.54,3423.4,3331.21,148064851.0
2023-12-29,3411.11,3431.11,3432.54,3409.58,114928932.0
2024-01-02,3426.27,3386.35,3426.27,3386.35,116180726.0
2024-01-03,3379.75,3378.3,3392.85,3362.66,105613851.0
2024-01-04,3375.02,3347.05,3375.02,3323.86,106721013.0
2024-01-05,3341.31,3329.11,3372.54,3313.55,126400574.0
2024-01-08,3322.61,3286.06,3333.52,3283.34,117429485.0
2024-01-09,3286.71,3292.5,3304.6,3273.84,109330465.0
2024-01-10,3281.67,3277.13,3312.92,3268.25,94199366.0
2024-01-11,3275.31,3295.67,3311.11,3266.79,108789735.0
2024-01-12,3284.36,3284.17,3310.47,3279.7,96853555.0
2024-01-15,3270.1,3280.92,3306.92,3261.27,88851530.0
2024-01-16,3272.57,3300.88,3300.88,3260.44,113276665.0
2024-01-17,3291.14,3229.08,3291.14,3229.08,108769728.0
2024-01-18,3214.28,3274.73,3279.25,3171.63,174909168.0
2024-01-19,3261.24,3269.78,3286.94,3251.81,118501408.0
2024-01-22,3262.47,3218.9,3281.42,3193.18,148705628.0
2024-01-23,3208.43,3231.93,3249.53,3188.13,122012000.0
2024-01-24,3245.96,3277.11,3281.49,3190.47,154371954.0
2024-01-25,3274.34,3342.92,3344.24,3269.79,196833614.0
2024-01-26,3326.65,3333.82,3351.97,3315.13,180664005.0
2024-01-29,3335.39,3303.96,3351.37,3303.96,184164795.0
2024-01-30,3283.9,3245.04,3300.2,3244.97,143649350.0
2024-01-31,3231.54,3215.35,3252.15,3201.93,153143469.0
2024-02-01,3202.26,3217.71,3251.76,3191.9,145516792.0
2024-02-02,3219.87,3179.63,3235.41,3108.35,173758089.0
2024-02-05,3164.25,3200.42,3233.85,3111.52,203042970.0
2024-02-06,3185.25,3311.69,3314.51,3182.82,202713099.0
2024-02-07,3314.03,3343.63,3343.63,3289.67,216647933.0
2024-02-08,3351.41,3364.93,3367.21,3336.98,189977578.0
2024-02-19,3393.19,3403.81,3403.81,3364.14,183319800.0
2024-02-20,3395.19,3410.85,3415.89,3380.1,140734581.0
2024-02-21,3390.36,3456.87,3500.13,3383.69,188879362.0
2024-02-22,3450.35,3486.67,3486.68,3448.41,141020784.0
2024-02-23,3491.34,3489.74,3507.56,3472.97,144821273.0
2024-02-26,3485.54,3453.36,3492.61,3445.39,151248331.0
2024-02-27,3440.05,3494.79,3494.79,3437.44,139528246.0
2024-02-28,3499.83,3450.26,3521.66,3450.26,189837548.0
2024-02-29,3437.9,3516.08,3516.08,3437.9,155944532.0
2024-03-01,3515.06,3537.8,3544.36,3503.46,162709570.0
2024-03-04,3538.37,3540.87,3548.69,3519.76,163244613.0
2024-03-05,3524.96,3565.51,3570.69,3519.08,166422389.0
2024-03-06,3556.53,3551.05,3577.39,3545.1,143076613.0
2024-03-07,3548.1,3529.72,3569.92,3522.9,148110510.0
2024-03-08,3529.55,3544.91,3548.51,3511.58,125792664.0
2024-03-11,3545.94,3589.26,3589.26,3542.28,148202825.0
2024-03-12,3592.58,3597.49,3605.7,3574.21,180685560.0
2024-03-13,3594.42,3572.36,3594.42,3563.37,144590590.0
2024-03-14,3571.79,3562.22,3597.46,3545.61,140962722.0
2024-03-15,3554.91,3569.99,3572.81,3533.68,138316044.0
2024-03-18,3577.06,3603.53,3604.05,3573.4,160379438.0
2024-03-19,3593.34,3577.63,3610.74,3577.19,145571786.0
2024-03-20,3568.72,3585.38,3589.55,3568.43,129528966.0
2024-03-21,3593.07,3581.09,3601.11,3575.03,130743377.0
2024-03-22,3571.27,3545.0,3575.72,3522.84,139227358.0
2024-03-25,3536.71,3525.76,3564.96,3525.76,137015724.0
2024-03-26,3526.68,3543.75,3547.65,3518.6,126209535.0
2024-03-27,3538.72,3502.79,3542.96,3502.79,128626763.0
2024-03-28,3498.48,3520.96,3551.21,3489.39,143334717.0
2024-03-29,3516.88,3537.48,3538.24,3516.88,128643290.0
2024-04-01,3551.58,3595.65,3600.92,3551.58,162776561.0
2024-04-02,3593.22,3580.68,3596.19,3568.75,141272972.0
2024-04-03,3578.68,3567.8,3582.43,3558.87,135592331.0
2024-04-08,3553.56,3536.41,3567.82,3535.77,155304283.0
2024-04-09,3533.38,3533.49,3543.71,3518.86,129670942.0
2024-04-10,3528.97,3504.71,3531.23,3490.05,128790274.0
2024-04-11,3485.03,3504.24,3520.59,3484.93,126534395.0
2024-04-12,3505.75,3475.84,3516.7,3470.06,128921116.0
2024-04-15,3473.5,3549.08,3552.41,3473.5,183941250.0
2024-04-16,3533.36,3511.11,3545.5,3503.62,176153065.0
2024-04-17,3509.13,3565.4,3565.94,3498.03,168466398.0
2024-04-18,3550.56,3569.8,3602.79,3547.6,178574105.0
2024-04-19,3550.61,3541.66,3560.95,3529.32,147281505.0
2024-04-22,3536.18,3530.9,3558.16,3528.02,150579042.0
2024-04-23,3525.67,3506.22,3533.76,3499.98,143113504.0
2024-04-24,3514.01,3521.62,3524.54,3495.65,121739851.0
2024-04-25,3510.64,3530.28,3543.97,3505.2,115187722.0
2024-04-26,3531.96,3584.27,3588.4,3531.96,197216133.0
2024-04-29,3584.54,3623.91,3645.82,3578.76,222721381.0
2024-04-30,3619.26,3604.39,3630.71,3604.39,191296899.0
2024-05-06,3654.05,3657.88,3668.26,3645.74,208018007.0
2024-05-07,3657.0,3659.01,3665.68,3648.38,164834286.0
2024-05-08,3650.75,3630.22,3650.94,3628.7,130035336.0
2024-05-09,3630.41,3664.56,3669.76,3630.41,146559017.0
2024-05-10,3669.09,3666.28,3674.61,3641.76,150720536.0
2024-05-13,3646.35,3664.69,3673.62,3634.6,157267455.0
2024-05-14,3668.23,3657.05,3675.78,3646.71,133406490.0
2024-05-15,3651.05,3626.06,3656.53,3624.0,123522764.0
2024-05-16,3636.6,3640.36,3657.48,3626.33,154630503.0
2024-05-17,3638.56,3677.97,3677.97,3627.45,164570417.0
2024-05-20,3682.06,3690.96,3703.03,3677.44,184609423.0
2024-05-21,3682.29,3676.16,3684.61,3665.15,130678283.0
2024-05-22,3675.65,3684.45,3691.88,3667.09,151914605.0
2024-05-23,3672.84,3641.79,3674.37,3633.51,142572990.0
2024-05-24,3630.83,3601.48,3650.87,3599.67,124791177.0
2024-05-27,3606.65,3635.71,3638.15,3603.71,131272644.0
2024-05-28,3633.25,3609.17,3638.97,3605.92,123532238.0
2024-05-29,3609.07,3613.52,3633.2,3602.82,115906321.0
2024-05-30,3607.05,3594.31,3624.04,3586.75,122602995.0
2024-05-31,3599.82,3579.92,3614.64,3579.92,112462019.0
2024-06-03,3577.38,3588.75,3600.6,3567.87,141054591.0
2024-06-04,3583.81,3615.67,3622.5,3580.28,124545096.0
2024-06-05,3610.36,3594.79,3623.32,3594.11,110906766.0
2024-06-06,3602.16,3592.25,3625.01,3584.17,137893517.0
2024-06-07,3594.63,3574.11,3603.07,3552.09,131103026.0
2024-06-11,3555.82,3542.88,3565.31,3525.89,134522306.0
2024-06-12,3539.09,3544.12,3551.17,3531.57,122813729.0
2024-06-13,3548.22,3526.13,3551.08,3520.18,123245462.0
2024-06-14,3514.8,3541.53,3547.15,3503.52,171516942.0
2024-06-17,3521.44,3536.2,3540.79,3520.74,137433438.0
2024-06-18,3533.49,3545.59,3551.71,3532.78,123671838.0
2024-06-19,3543.36,3528.75,3543.36,3524.84,106642797.0
2024-06-20,3525.17,3503.28,3533.99,3500.13,111617396.0
2024-06-21,3496.34,3495.62,3505.51,3473.83,109186615.0
2024-06-24,3473.64,3476.81,3505.78,3471.22,117990184.0
2024-06-25,3475.16,3457.9,3483.22,3440.65,118448118.0
2024-06-26,3451.54,3480.26,3487.4,3442.3,105898861.0
2024-06-27,3467.29,3454.12,3471.14,3452.58,114918101.0
2024-06-28,3443.67,3461.66,3484.68,3443.67,135409153.0
2024-07-01,3458.26,3478.18,3479.95,3443.81,121829770.0
2024-07-02,3472.45,3471.79,3488.32,3464.52,121650121.0
2024-07-03,3471.56,3463.41,3478.7,3454.99,103857108.0
2024-07-04,3468.3,3445.81,3483.31,3444.93,104429909.0
2024-07-05,3443.36,3431.06,3451.04,3399.67,116609659.0
2024-07-08,3420.8,3401.76,3428.04,3395.91,115528218.0
2024-07-09,3396.8,3439.81,3448.93,3384.81,131629443.0
2024-07-10,3425.88,3428.97,3447.51,3423.65,127203456.0
2024-07-11,3451.04,3468.17,3473.98,3438.12,145892466.0
2024-07-12,3459.96,3472.4,3479.1,3457.36,130874589.0
2024-07-15,3462.61,3476.25,3481.46,3460.79,118517083.0
2024-07-16,3466.85,3498.28,3500.29,3464.37,120659017.0
2024-07-17,3494.21,3501.58,3514.48,3486.22,131802062.0
2024-07-18,3483.3,3520.93,3522.8,3475.72,123768199.0
2024-07-19,3500.81,3539.02,3545.34,3493.07,132447975.0
2024-07-22,3538.4,3514.92,3540.19,3494.01,132126337.0
2024-07-23,3509.79,3439.88,3509.79,3439.88,128897660.0
2024-07-24,3432.35,3418.17,3451.42,3408.41,127036263.0
2024-07-25,3404.61,3399.27,3415.86,3383.8,131022242.0
2024-07-26,3403.71,3409.29,3420.82,3388.66,124195558.0
2024-07-29,3404.37,3390.74,3408.5,3388.84,109787786.0
2024-07-30,3380.69,3369.38,3380.69,3352.8,104952164.0
2024-07-31,3364.03,3442.08,3445.0,3364.03,171959177.0
2024-08-01,3443.14,3419.27,3448.34,3419.19,136323464.0
2024-08-02,3393.92,3384.39,3419.1,3380.96,116615255.0
2024-08-05,3362.11,3343.32,3409.03,3343.32,142812516.0
2024-08-06,3367.35,3342.98,3376.8,3318.63,119340279.0
2024-08-07,3338.59,3341.49,3362.38,3329.97,95084377.0
2024-08-08,3332.43,3342.94,3364.79,3320.84,92495695.0
2024-08-09,3358.13,3331.63,3366.67,3331.63,91511626.0
2024-08-12,3327.56,3325.86,3338.08,3319.89,79938754.0
2024-08-13,3328.01,3334.39,3335.01,3310.19,84489679.0
2024-08-14,3332.79,3309.24,3332.79,3309.1,78742407.0
2024-08-15,3301.45,3341.95,3356.76,3297.97,104766399.0
2024-08-16,3342.03,3345.63,3356.91,3335.62,96519083.0
2024-08-19,3344.26,3356.97,3375.96,3343.71,105571110.0
2024-08-20,3361.64,3332.7,3362.33,3321.64,101668331.0
2024-08-21,3322.91,3321.64,3339.44,3307.99,89954751.0
2024-08-22,3322.87,3313.14,3327.7,3305.25,100366504.0
2024-08-23,3305.93,3327.19,3336.24,3305.64,89525774.0
2024-08-26,3330.72,3324.22,3336.53,3311.57,93990772.0
2024-08-27,3315.69,3305.33,3320.57,3299.56,95808157.0
2024-08-28,3298.91,3286.5,3305.35,3274.59,92696650.0
2024-08-29,3273.54,3277.68,3290.79,3269.53,130702333.0
2024-08-30,3273.75,3321.43,3351.63,3273.65,188695443.0
2024-09-02,3307.54,3265.01,3307.76,3264.76,147612353.0
2024-09-03,3261.74,3273.43,3281.59,3261.19,122897306.0
2024-09-04,3253.9,3252.16,3272.99,3249.98,104832482.0
2024-09-05,3252.96,3257.76,3266.88,3247.17,97109450.0
2024-09-06,3261.15,3231.35,3274.81,3231.07,88400417.0
2024-09-09,3214.8,3192.95,3222.93,3180.93,108673069.0
2024-09-10,3193.46,3195.76,3205.1,3171.79,97290078.0
2024-09-11,3187.05,3186.13,3197.34,3174.03,102482110.0
2024-09-12,3189.43,3172.47,3201.55,3171.88,92868657.0
2024-09-13,3174.03,3159.25,3188.91,3159.25,88336677.0
2024-09-18,3158.82,3171.01,3179.9,3145.79,84722814.0
2024-09-19,3178.4,3196.04,3213.84,3149.79,125439272.0
2024-09-20,3192.43,3201.05,3207.99,3173.22,118064098.0
2024-09-23,3200.87,3212.76,3230.16,3198.02,95344855.0
2024-09-24,3244.65,3351.91,3351.97,3222.49,204072217.0
2024-09-25,3403.7,3401.53,3465.49,3393.44,241564255.0
2024-09-26,3399.32,3545.32,3545.32,3391.68,243134010.0
2024-09-27,3617.92,3703.68,3708.5,3596.58,265487774.0
2024-09-30,3846.65,4017.85,4038.7,3796.5,510217707.0
2024-10-08,4450.37,4256.1,4450.37,4094.35,589867894.0
2024-10-09,4168.84,3955.98,4197.6,3942.51,482269295.0
2024-10-10,3979.61,3997.79,4098.5,3912.77,395053099.0
2024-10-11,3969.76,3887.17,3978.24,3847.12,274096505.0
2024-10-14,3915.22,3961.34,3979.54,3868.78,307578993.0
2024-10-15,3942.53,3855.99,3967.87,3855.99,242486448.0
2024-10-16,3806.14,3831.59,3877.75,3805.09,218866407.0
2024-10-17,3853.84,3788.22,3882.07,3787.75,212313820.0
2024-10-18,3780.31,3925.23,3998.21,3765.16,312958834.0
2024-10-21,3946.9,3935.2,3979.26,3896.17,291185634.0
2024-10-22,3923.74,3957.78,3965.91,3917.52,223433396.0
2024-10-23,3955.32,3973.21,4012.18,3939.1,245873949.0
2024-10-24,3950.9,3928.83,3957.98,3914.09,174724062.0
2024-10-25,3931.32,3956.42,3992.89,3921.94,210694885.0
2024-10-28,3953.11,3964.16,3964.16,3917.2,216160415.0
2024-10-29,3970.01,3924.65,3991.31,3921.58,217293984.0
2024-10-30,3904.16,3889.45,3926.06,3864.31,219436626.0
2024-10-31,3888.42,3891.04,3923.9,3859.11,300636718.0
2024-11-01,3882.46,3890.02,3933.22,3879.96,307986481.0
2024-11-04,3897.71,3944.76,3944.76,3891.21,229239060.0
2024-11-05,3937.62,4044.57,4046.7,3925.41,316862794.0
2024-11-06,4051.29,4024.28,4091.7,4002.5,335807938.0
2024-11-07,3987.27,4145.7,4146.15,3984.67,341436414.0
2024-11-08,4192.08,4104.05,4200.91,4094.16,332350385.0
2024-11-11,4066.93,4131.13,4132.51,4048.04,289594227.0
2024-11-12,4133.35,4085.74,4181.71,4060.79,297778086.0
2024-11-13,4059.59,4110.89,4121.07,4059.59,240484099.0
2024-11-14,4101.22,4039.62,4118.17,4034.94,230152784.0
2024-11-15,4025.65,3968.83,4049.07,3968.83,247399463.0
2024-11-18,3982.1,3950.38,4034.06,3931.19,306777946.0
2024-11-19,3954.6,3976.89,3979.15,3896.75,242946465.0
2024-11-20,3966.12,3985.77,4001.08,3958.34,184599372.0
2024-11-21,3979.46,3989.3,3999.57,3966.07,166125927.0
2024-11-22,3984.24,3865.7,3990.26,3865.7,216285809.0
2024-11-25,3875.61,3848.09,3889.71,3812.32,190702953.0
2024-11-26,3836.26,3840.18,3875.23,3833.28,149892441.0
2024-11-27,3829.34,3907.04,3907.16,3817.91,174136096.0
2024-11-28,3904.25,3872.55,3908.39,3866.01,150117291.0
2024-11-29,3869.89,3916.58,3962.7,3869.89,187656713.0
2024-12-02,3909.7,3947.63,3955.13,3902.17,197289784.0
2024-12-03,3946.7,3951.89,3963.95,3922.84,182496867.0
2024-12-04,3948.13,3930.56,3957.37,3917.75,174626318.0
2024-12-05,3916.56,3921.59,3936.34,3910.08,138534038.0
2024-12-06,3923.9,3973.14,3995.12,3923.9,192057907.0
2024-12-09,3970.66,3966.57,3995.51,3948.42,175959958.0
2024-12-10,4094.05,3995.64,4098.38,3988.97,253463795.0
2024-12-11,3988.02,3988.83,4005.33,3977.35,177252846.0
2024-12-12,3987.15,4028.5,4031.74,3981.35,181621777.0
2024-12-13,4000.99,3933.18,4000.99,3931.74,230353079.0
2024-12-16,3930.78,3911.84,3938.76,3901.65,178511251.0
2024-12-17,3908.13,3922.03,3955.95,3908.13,160939090.0
2024-12-18,3934.54,3941.89,3956.14,3933.97,157738321.0
2024-12-19,3911.89,3945.46,3954.35,3899.75,161081040.0
2024-12-20,3937.47,3927.74,3958.63,3923.26,154986496.0
2024-12-23,3928.15,3933.57,3965.85,3928.15,190067362.0
2024-12-24,3934.94,3983.69,3985.86,3934.73,161494589.0
2024-12-25,3987.96,3985.63,4007.76,3969.48,159390747.0
2024-12-26,3981.73,3987.48,3991.53,3965.55,143425286.0
2024-12-27,3987.02,3981.03,4007.13,3970.94,169268666.0
2024-12-30,3976.7,3999.05,4005.78,3976.7,164612485.0
2024-12-31,3995.87,3934.91,4004.35,3934.91,183928397.0
2025-01-02,3931.82,3820.4,3934.2,3796.34,217898724.0
2025-01-03,3825.24,3775.16,3835.94,3767.67,175342676.0
2025-01-06,3775.99,3768.97,3788.85,3743.07,150946670.0
2025-01-07,3760.87,3796.11,3797.6,3749.06,146455779.0
2025-01-08,3781.26,3789.22,3810.74,3731.19,169166968.0
2025-01-09,3780.73,3779.88,3795.26,3768.68,129794002.0
2025-01-10,3778.89,3732.48,3786.81,3732.48,137523171.0
2025-01-13,3704.44,3722.51,3737.89,3704.11,136446199.0
2025-01-14,3728.56,3820.54,3826.64,3718.88,170664657.0
2025-01-15,3810.04,3796.03,3816.83,3790.17,141475520.0
2025-01-16,3812.19,3800.38,3842.95,3776.29,144505871.0
2025-01-17,3788.37,3812.34,3831.64,3780.21,126621961.0
2025-01-20,3835.3,3829.68,3858.67,3821.98,139581277.0
2025-01-21,3850.36,3832.61,3850.91,3817.12,141218406.0
2025-01-22,3823.94,3797.02,3823.94,3783.14,137255062.0
2025-01-23,3829.05,3803.74,3864.26,3801.85,180569551.0
2025-01-24,3793.85,3832.86,3847.6,3793.48,148971722.0
2025-01-27,3836.96,3817.08,3852.0,3817.08,146670772.0
2025-02-05,3844.7,3795.08,3844.7,3785.16,157168308.0
2025-02-06,3789.61,3842.83,3843.49,3788.32,167288176.0
2025-02-07,3844.06,3892.7,3919.35,3833.87,221857707.0
2025-02-10,3898.1,3901.06,3906.37,3878.83,188903040.0
2025-02-11,3905.16,3883.14,3905.16,3872.91,166574909.0
2025-02-12,3875.96,3919.86,3920.72,3867.35,164228540.0
2025-02-13,3913.9,3905.14,3939.2,3904.98,172485874.0
2025-02-14,3900.83,3939.01,3942.04,3900.83,172976452.0
2025-02-17,3954.41,3947.4,3955.9,3921.7,213588246.0
2025-02-18,3942.58,3912.78,3965.42,3901.87,209425101.0
2025-02-19,3906.22,3940.16,3943.67,3904.15,182829517.0
2025-02-20,3934.65,3928.9,3940.68,3916.18,163895236.0
2025-02-21,3938.05,3978.44,3981.05,3927.79,227400330.0
2025-02-24,3972.48,3969.72,3995.95,3949.23,220810618.0
2025-02-25,3933.64,3925.65,3955.43,3915.65,178108580.0
2025-02-26,3931.84,3959.94,3960.33,3925.37,191062501.0
2025-02-27,3961.06,3968.12,3973.93,3933.46,202887963.0
2025-02-28,3950.19,3890.05,3972.48,3886.4,198104147.0
2025-03-03,3899.7,3888.47,3930.0,3872.59,177623166.0
2025-03-04,3865.99,3885.22,3890.42,3855.73,149850967.0
2025-03-05,3887.8,3902.57,3906.42,3877.02,158652751.0
2025-03-06,3923.38,3956.24,3964.49,3917.08,193960915.0
2025-03-07,3944.91,3944.01,3967.07,3935.05,166732375.0
2025-03-10,3945.58,3928.8,3949.14,3905.13,152765232.0
2025-03-11,3890.43,3941.42,3941.42,3889.43,144754402.0
2025-03-12,3946.86,3927.23,3953.61,3921.47,156732190.0
2025-03-13,3925.74,3911.58,3939.29,3897.38,156536443.0
2025-03-14,3919.62,4006.56,4014.16,3919.62,216139003.0
2025-03-17,4020.64,3996.79,4021.73,3992.26,162202911.0
2025-03-18,4011.78,4007.72,4016.87,3995.96,140208496.0
2025-03-19,4004.83,4010.17,4025.3,3989.51,144419428.0
2025-03-20,4011.06,3974.99,4012.04,3969.93,133754670.0
2025-03-21,3966.51,3914.7,3983.15,3904.77,165905294.0
2025-03-24,3916.11,3934.85,3938.18,3907.2,152234674.0
2025-03-25,3937.9,3932.3,3946.36,3921.53,140475399.0
2025-03-26,3930.21,3919.36,3942.03,3916.86,131164187.0
2025-03-27,3911.38,3932.41,3952.99,3903.65,126793738.0
2025-03-28,3930.78,3915.17,3934.23,3907.38,126356214.0
2025-03-31,3905.98,3887.31,3928.45,3872.4,166798523.0
2025-04-01,3892.78,3887.68,3905.26,3882.4,140380274.0
2025-04-02,3884.42,3884.39,3900.49,3877.16,113043175.0
2025-04-03,3843.42,3861.5,3883.7,3843.42,142599789.0
2025-04-07,3675.2,3589.44,3707.78,3514.12,312578586.0
2025-04-08,3597.99,3650.76,3650.76,3583.87,280197312.0
2025-04-09,3606.1,3686.79,3686.79,3587.34,262305708.0
2025-04-10,3749.13,3735.12,3756.14,3708.82,227252227.0
2025-04-11,3730.31,3750.52,3762.37,3708.46,168759691.0
2025-04-14,3772.04,3759.14,3776.63,3754.03,164462403.0
2025-04-15,3756.48,3761.23,3764.49,3737.85,134006040.0
2025-04-16,3757.88,3772.82,3775.17,3721.6,156359006.0
2025-04-17,3755.09,3772.22,3779.13,3749.5,122371002.0
2025-04-18,3760.04,3772.52,3782.04,3754.41,102948509.0
2025-04-21,3768.14,3784.88,3790.18,3763.14,121355730.0
2025-04-22,3780.11,3783.95,3799.23,3778.08,125688257.0
2025-04-23,3803.43,3786.88,3807.95,3780.52,131986870.0
2025-04-24,3787.46,3784.36,3807.26,3775.21,117164560.0
2025-04-25,3792.08,3786.99,3801.58,3780.78,124591133.0
2025-04-28,3786.39,3781.62,3792.01,3772.8,125145091.0
2025-04-29,3776.0,3775.08,3785.32,3768.03,111514694.0
2025-04-30,3775.83,3770.57,3787.56,3768.76,143681658.0
2025-05-06,3794.38,3808.54,3809.09,3782.78,158520459.0
2025-05-07,3861.58,3831.63,3863.68,3814.99,161172299.0
2025-05-08,3820.55,3852.9,3867.33,3816.26,124959833.0
2025-05-09,3848.62,3846.16,3853.66,3836.53,119389526.0
2025-05-12,3866.53,3890.61,3890.73,3859.03,153332460.0
2025-05-13,3915.59,3896.26,3915.59,3890.69,147320299.0
2025-05-14,3894.84,3943.21,3960.52,3890.65,172033779.0
2025-05-15,3934.03,3907.2,3936.47,3904.91,138081749.0
2025-05-16,3898.67,3889.09,3903.85,3874.86,118405345.0
2025-05-19,3882.57,3877.15,3885.59,3866.57,98643414.0
2025-05-20,3883.1,3898.17,3911.47,3881.74,104885234.0
2025-05-21,3899.44,3916.38,3928.63,3899.44,109791343.0
2025-05-22,3912.6,3913.87,3923.02,3903.09,107597052.0
2025-05-23,3910.37,3882.27,3931.55,3882.27,120277419.0
2025-05-26,3875.79,3860.11,3884.54,3849.04,109601207.0
2025-05-27,3857.63,3839.4,3865.43,3834.85,98572425.0
2025-05-28,3843.07,3836.24,3849.74,3833.96,89031026.0
2025-05-29,3838.01,3858.7,3869.79,3831.46,108471886.0
2025-05-30,3850.49,3840.23,3858.61,3829.25,111672228.0
2025-06-03,3833.46,3852.01,3863.3,3832.72,131403090.0
2025-06-04,3855.49,3868.74,3875.86,3855.49,116803873.0
2025-06-05,3872.64,3877.56,3883.13,3861.27,122878184.0
2025-06-06,3878.1,3873.98,3889.46,3869.39,110987971.0
2025-06-09,3877.8,3885.25,3894.65,3871.99,136306293.0
2025-06-10,3887.55,3865.47,3897.46,3850.47,145563859.0
2025-06-11,3870.67,3894.63,3911.61,3870.67,142414772.0
2025-06-12,3885.52,3892.2,3900.04,3870.38,133998697.0
2025-06-13,3881.49,3864.18,3889.16,3853.82,172539536.0
2025-06-16,3853.62,3873.8,3876.17,3853.62,137341835.0
2025-06-17,3875.18,3870.38,3880.42,3860.41,122342526.0
2025-06-18,3871.65,3874.97,3881.35,3854.66,127528621.0
2025-06-19,3870.05,3843.09,3872.94,3834.95,130280658.0
2025-06-20,3839.78,3846.64,3856.48,3839.78,118151020.0
2025-06-23,3831.17,3857.9,3867.59,3827.08,133800892.0
2025-06-24,3862.39,3904.03,3914.16,3862.39,163656188.0
2025-06-25,3907.07,3960.07,3963.04,3902.18,187213671.0
2025-06-26,3953.16,3946.02,3964.48,3945.26,165316263.0
2025-06-27,3949.79,3921.76,3969.26,3918.2,194557913.0
2025-06-30,3920.31,3936.08,3940.36,3911.6,145170236.0
2025-07-01,3935.91,3942.76,3946.25,3924.72,128959362.0
2025-07-02,3943.32,3943.68,3952.14,3929.7,147063062.0
2025-07-03,3949.4,3968.07,3971.62,3945.14,141004006.0
2025-07-04,3967.46,3982.2,4013.85,3958.38,157197133.0
2025-07-07,3977.29,3965.17,3979.75,3956.57,131135273.0
2025-07-08,3965.43,3998.45,4002.27,3965.43,156402895.0
2025-07-09,3997.5,3991.4,4016.74,3987.43,173293796.0
2025-07-10,3993.42,4010.02,4032.98,3992.52,209778904.0
2025-07-11,4011.47,4014.81,4065.94,4010.11,262052773.0
2025-07-14,4021.21,4017.67,4034.92,4017.67,207917175.0
2025-07-15,4023.99,4019.06,4042.66,3994.26,191042931.0
2025-07-16,4019.39,4007.2,4027.86,3993.92,151027308.0
2025-07-17,4005.07,4034.49,4034.59,4005.07,161249041.0
2025-07-18,4039.87,4058.55,4064.64,4039.32,186211063.0
2025-07-21,4069.77,4085.61,4086.12,4063.44,223268476.0
2025-07-22,4087.34,4118.96,4119.2,4068.34,257596985.0
2025-07-23,4129.15,4119.77,4155.68,4113.91,300506154.0
2025-07-24,4116.83,4149.04,4152.43,4111.88,319632392.0
2025-07-25,4145.32,4127.16,4150.5,4117.8,273594963.0
2025-07-28,4128.2,4135.82,4146.12,4112.97,222759815.0
2025-07-29,4132.68,4152.02,4153.33,4117.58,230807880.0
2025-07-30,4148.94,4151.24,4185.21,4127.43,249853048.0
2025-07-31,4141.56,4075.59,4141.82,4063.67,267087406.0
2025-08-01,4069.93,4054.93,4085.35,4040.46,196221826.0
2025-08-04,4037.94,4070.7,4070.7,4037.94,162275902.0
2025-08-05,4080.39,4103.45,4106.3,4075.58,178851999.0
2025-08-06,4100.43,4113.49,4116.71,4098.35,176676155.0
2025-08-07,4120.28,4114.67,4129.74,4094.82,198641902.0
2025-08-08,4109.27,4104.97,4122.21,4097.42,173171201.0
2025-08-11,4110.29,4122.51,4134.25,4103.6,190443716.0
2025-08-12,4123.58,4143.83,4153.29,4121.22,177287823.0
2025-08-13,4150.5,4176.58,4186.75,4147.2,213934999.0
2025-08-14,4179.97,4173.31,4220.31,4165.94,221103595.0
2025-08-15,4162.42,4202.35,4214.73,4157.5,261327566.0
2025-08-18,4218.25,4239.41,4272.96,4203.42,301479102.0
2025-08-19,4241.77,4223.37,4264.23,4215.21,250818771.0
2025-08-20,4208.4,4271.4,4272.15,4190.56,246481773.0
2025-08-21,4284.37,4288.07,4308.45,4273.65,259030014.0
2025-08-22,4287.36,4378.0,4378.39,4287.36,290434897.0
2025-08-25,4416.29,4469.22,4472.65,4404.78,358090006.0
2025-08-26,4453.35,4452.59,4476.8,4435.53,270621395.0
2025-08-27,4458.84,4386.13,4494.91,4386.13,333133898.0
2025-08-28,4378.04,4463.78,4464.8,4364.17,296834536.0
2025-08-29,4455.8,4496.76,4516.84,4452.36,351938947.0
2025-09-01,4516.88,4523.71,4528.13,4487.53,320366708.0
2025-09-02,4521.98,4490.45,4548.89,4454.42,303932566.0
2025-09-03,4501.34,4459.83,4510.73,4427.52,254320217.0
2025-09-04,4461.25,4365.21,4465.5,4327.51,307934609.0
2025-09-05,4365.61,4460.32,4466.56,4350.3,249625657.0
2025-09-08,4467.17,4467.57,4482.76,4438.07,267638382.0
2025-09-09,4448.74,4436.26,4472.09,4412.69,221375460.0
2025-09-10,4438.3,4445.36,4466.63,4414.59,203597646.0
2025-09-11,4438.84,4548.03,4548.03,4427.92,253264051.0
2025-09-12,4544.59,4522.0,4564.67,4517.79,266442003.0
2025-09-15,4534.89,4533.06,4566.91,4522.5,231885678.0
2025-09-16,4539.92,4523.34,4552.42,4494.79,249269206.0
2025-09-17,4517.29,4551.02,4556.03,4503.8,235716472.0
2025-09-18,4546.03,4498.11,4573.83,4454.99,309859826.0
2025-09-19,4499.09,4501.92,4533.09,4491.84,225044000.0
2025-09-22,4512.03,4522.61,4523.87,4487.13,196459956.0
2025-09-23,4536.76,4519.78,4560.73,4459.73,252827062.0
2025-09-24,4495.27,4566.07,4567.49,4494.11,220482608.0
2025-09-25,4563.98,4593.49,4613.95,4558.84,229823333.0
2025-09-26,4576.91,4550.05,4597.85,4550.05,208482114.0
2025-09-29,4555.03,4620.05,4647.57,4541.43,274358877.0
2025-09-30,4629.9,4640.69,4647.5,4616.22,247980359.0
2025-10-09,4662.11,4709.48,4726.34,4651.99,347678696.0
2025-10-10,4679.5,4616.83,4692.59,4600.96,319020899.0
2025-10-13,4490.87,4593.98,4601.81,4490.87,315010354.0
2025-10-14,4634.05,4539.06,4641.45,4520.93,372954030.0
2025-10-15,4544.24,4606.29,4608.82,4526.83,284771855.0
2025-10-16,4588.92,4618.42,4645.1,4586.28,248235518.0
2025-10-17,4610.7,4514.23,4618.56,4509.33,256905617.0
2025-10-20,4558.24,4538.22,4570.44,4520.5,218420405.0
2025-10-21,4556.12,4607.87,4615.46,4547.93,215711175.0
2025-10-22,4576.03,4592.57,4603.49,4567.24,185333960.0
2025-10-23,4578.7,4606.34,4611.34,4541.69,200463917.0
2025-10-24,4622.79,4660.68,4660.68,4622.79,208814483.0
2025-10-27,4699.38,4716.02,4720.43,4687.69,262200674.0
2025-10-28,4697.73,4691.97,4734.32,4679.23,220906645.0
2025-10-29,4701.04,4747.84,4747.84,4697.27,246211324.0
2025-10-30,4735.98,4709.91,4761.83,4706.45,273289118.0
2025-10-31,4702.49,4640.67,4706.14,4640.67,281464740.0
2025-11-03,4636.73,4653.4,4653.4,4595.73,239869809.0
2025-11-04,4649.35,4618.7,4665.32,4595.07,233224032.0
2025-11-05,4562.11,4627.26,4642.61,4558.76,203045871.0
2025-11-06,4642.01,4693.4,4698.09,4642.01,224241008.0
2025-11-07,4673.76,4678.79,4701.37,4666.04,212497377.0
2025-11-10,4688.12,4695.05,4695.18,4654.21,236026764.0
2025-11-11,4706.34,4652.17,4707.13,4648.49,186638858.0
2025-11-12,4643.56,4645.91,4669.61,4620.99,209460592.0
2025-11-13,4643.79,4702.07,4703.49,4643.79,207367474.0
2025-11-14,4663.32,4628.14,4684.26,4628.02,192092676.0
2025-11-17,4616.81,4598.05,4624.9,4580.26,188955466.0
2025-11-18,4584.79,4568.19,4606.62,4552.8,177713185.0
2025-11-19,4568.04,4588.29,4607.86,4568.04,172924974.0
2025-11-20,4619.54,4564.95,4620.65,4560.18,194562593.0
2025-11-21,4513.39,4453.61,4527.04,4453.18,222851013.0
2025-11-24,4473.16,4448.05,4478.81,4421.81,185833729.0
2025-11-25,4475.84,4490.4,4510.77,4467.35,169571929.0
2025-11-26,4490.2,4517.63,4538.14,4485.7,156200368.0
2025-11-27,4520.01,4515.4,4559.22,4509.86,150311772.0
2025-11-28,4511.5,4526.66,4531.72,4492.43,142902096.0
2025-12-01,4539.19,4576.49,4576.97,4531.29,200382317.0
2025-12-02,4571.91,4554.33,4575.49,4539.43,148493132.0
2025-12-03,4554.59,4531.05,4569.82,4523.5,169762790.0
2025-12-04,4533.6,4546.57,4557.42,4514.19,147198110.0
2025-12-05,4547.91,4584.54,4593.83,4535.02,196799968.0
2025-12-08,4593.14,4621.75,4640.63,4592.74,199620990.0
2025-12-09,4611.38,4598.22,4628.7,4584.25,184160344.0
2025-12-10,4586.25,4591.83,4598.54,4549.08,169111106.0
2025-12-11,4597.19,4552.18,4610.28,4547.14,168419405.0
2025-12-12,4558.74,4580.95,4583.68,4530.78,212826520.0
2025-12-15,4550.0,4552.06,4595.05,4548.44,167589967.0
2025-12-16,4542.42,4497.55,4553.08,4484.27,165165201.0
2025-12-17,4499.77,4579.88,4594.66,4498.93,178424830.0
2025-12-18,4553.98,4552.79,4571.97,4544.14,151681328.0
2025-12-19,4561.37,4568.18,4591.09,4546.85,154876220.0
2025-12-22,4587.67,4611.62,4615.87,4587.67,165252856.0
2025-12-23,4616.03,4620.73,4644.53,4607.8,169256412.0
2025-12-24,4623.68,4634.06,4639.43,4602.14,153711241.0
2025-12-25,4629.32,4642.54,4651.15,4621.92,139434186.0
2025-12-26,4639.79,4657.24,4676.13,4635.11,175396565.0
2025-12-29,4658.27,4639.37,4672.04,4629.06,200397133.0
2025-12-30,4617.32,4651.28,4664.33,4616.63,180374974.0
2025-12-31,4656.48,4629.94,4667.05,4622.1,170760224.0
2026-01-05,4661.62,4717.75,4721.64,4661.62,234144839.0
2026-01-06,4719.21,4790.69,4790.69,4718.01,296970686.0
2026-01-07,4796.93,4776.67,4802.6,4751.07,259095564.0
2026-01-08,4761.01,4737.65,4765.49,4717.01,238804957.0
2026-01-09,4725.96,4758.92,4771.43,4719.13,254688038.0
2026-01-12,4769.65,4789.92,4795.93,4737.57,294833165.0
2026-01-13,4798.05,4761.03,4836.95,4745.52,301449497.0
2026-01-14,4767.7,4741.93,4818.1,4720.25,364951023.0
2026-01-15,4721.8,4751.43,4769.55,4720.94,254003636.0
2026-01-16,4778.43,4731.87,4792.55,4715.36,325278929.0
2026-01-19,4720.19,4734.46,4761.63,4715.09,267612492.0
2026-01-20,4736.91,4718.88,4748.23,4684.97,282719579.0
2026-01-21,4714.55,4723.07,4758.28,4714.24,266353332.0
2026-01-22,4741.75,4723.71,4757.76,4700.45,274199932.0
2026-01-23,4729.59,4702.5,4734.79,4684.62,314635445.0
2026-01-26,4715.38,4706.96,4754.18,4693.16,363004481.0
2026-01-27,4705.17,4705.69,4736.99,4675.64,301475697.0
2026-01-28,4725.6,4717.99,4739.63,4697.91,382255602.0
2026-01-29,4733.09,4753.87,4770.96,4696.05,415513055.0
2026-01-30,4723.08,4706.34,4738.87,4645.47,319786531.0
2026-02-02,4674.28,4605.98,4716.61,4601.76,304773500.0
2026-02-03,4648.36,4660.11,4662.13,4578.21,265549405.0
2026-02-04,4647.97,4698.68,4701.48,4641.84,264881032.0
2026-02-05,4664.75,4670.42,4687.02,4639.43,237856351.0
2026-02-06,4622.97,4643.6,4678.26,4606.64,202716477.0
2026-02-09,4693.67,4719.06,4719.96,4679.9,207251938.0
2026-02-10,4718.26,4724.3,4732.09,4713.87,187000958.0
2026-02-11,4715.67,4713.82,4723.7,4703.69,173391681.0
2026-02-12,4720.01,4719.58,4726.04,4707.74,197841439.0
2026-02-13,4693.41,4660.41,4703.63,4658.4,189167756.0
2026-02-24,4727.3,4707.54,4727.37,4698.35,218488890.0
2026-02-25,4713.58,4735.89,4766.56,4713.34,284268354.0
2026-02-26,4741.39,4726.87,4742.15,4706.69,234847644.0
2026-02-27,4698.3,4710.65,4721.01,4692.89,261420865.0
2026-03-02,4681.01,4728.67,4735.41,4667.28,349260752.0
2026-03-03,4737.32,4655.9,4744.6,4651.4,370624272.0
2026-03-04,4609.19,4602.62,4639.42,4575.82,303035666.0
2026-03-05,4651.94,4647.69,4671.53,4630.3,259317825.0
2026-03-06,4621.49,4660.44,4671.71,4612.79,238527926.0
2026-03-09,4600.25,4615.46,4625.98,4548.97,322787617.0
2026-03-10,4648.79,4674.76,4677.6,4648.79,263903748.0
2026-03-11,4681.03,4704.5,4711.87,4674.71,270175443.0
2026-03-12,4700.72,4687.56,4704.38,4654.31,302986816.0
2026-03-13,4669.06,4669.14,4707.42,4659.5,310772009.0
2026-03-16,4669.22,4671.56,4673.69,4621.81,296215070.0
2026-03-17,4685.57,4637.44,4720.86,4637.37,263021913.0
2026-03-18,4648.75,4658.33,4662.29,4604.52,234690705.0
2026-03-19,4611.44,4583.25,4634.55,4570.39,254130449.0
2026-03-20,4602.82,4567.02,4628.71,4563.07,257873703.0
2026-03-23,4499.1,4418.0,4514.72,4397.57,328081945.0
2026-03-24,4458.91,4474.72,4474.83,4394.29,255532517.0
2026-03-25,4506.62,4537.47,4542.18,4502.03,262639279.0
2026-03-26,4525.33,4477.53,4541.05,4468.96,213736788.0
2026-03-27,4431.5,4502.57,4519.89,4431.42,192400388.0
2026-03-30,4461.74,4491.95,4496.41,4447.14,209293092.0
2026-03-31,4491.92,4450.05,4523.17,4450.05,224541585.0
2026-04-01,4517.27,4526.07,4532.11,4492.05,216483196.0
2026-04-02,4514.44,4478.91,4519.69,4459.61,190992161.0
2026-04-03,4492.85,4440.79,4494.46,4437.6,168321705.0
2026-04-07,4445.86,4440.62,4458.93,4420.69,162638787.0
2026-04-08,4517.34,4595.56,4595.56,4513.77,253339213.0
2026-04-09,4562.67,4566.22,4579.2,4552.42,184939783.0
2026-04-10,4594.95,4636.57,4655.1,4590.11,208678605.0
2026-04-13,4615.13,4646.15,4653.4,4615.13,196712277.0
2026-04-14,4676.12,4701.28,4701.28,4654.85,204700332.0
2026-04-15,4726.64,4685.25,4731.27,4672.56,201688500.0
2026-04-16,4694.43,4736.61,4739.22,4689.41,192057600.0
2026-04-17,4729.0,4728.67,4738.32,4714.47,182915336.0
2026-04-20,4727.17,4757.44,4763.04,4720.69,221633494.0
2026-04-21,4750.51,4768.0,4776.83,4722.01,205614058.0
2026-04-22,4751.28,4799.63,4801.45,4750.35,204481830.0
2026-04-23,4816.03,4786.33,4823.47,4759.86,232865736.0
2026-04-24,4771.73,4769.37,4786.44,4735.61,193798314.0
2026-04-27,4776.34,4770.95,4795.17,4762.64,192796550.0
2026-04-28,4757.08,4758.21,4778.19,4743.44,216724233.0
2026-04-29,4737.58,4810.35,4813.61,4737.11,233298110.0
2026-04-30,4820.97,4807.31,4829.27,4797.54,250633370.0
2026-05-06,4857.65,4877.09,4892.8,4834.28,274443880.0
2026-05-07,4895.8,4900.51,4901.86,4866.87,257833972.0
2026-05-08,4871.12,4871.91,4887.21,4849.99,251720996.0
2026-05-11,4902.28,4951.84,4960.4,4889.57,305734801.0
2026-05-12,4965.02,4948.05,4971.3,4926.79,273812001.0
2026-05-13,4919.42,4998.34,5001.12,4919.42,268454537.0
2026-05-14,5027.64,4914.6,5030.52,4913.6,280695379.0
2026-05-15,4911.62,4859.59,4935.62,4832.69,276967769.0
2026-05-18,4836.33,4833.52,4868.6,4806.15,239077587.0
2026-05-19,4818.71,4852.88,4854.52,4773.53,232280852.0
2026-05-20,4829.61,4850.7,4866.21,4825.64,220023206.0
2026-05-21,4886.24,4783.1,4937.93,4780.71,287342507.0
2026-05-22,4818.84,4845.1,4851.35,4785.35,286940435.0
2026-05-25,4873.2,4921.6,4922.44,4857.13,264743236.0
2026-05-26,4900.12,4947.85,4952.74,4892.68,302799476.0
2026-05-27,4940.95,4908.17,4974.21,4891.34,301709175.0
2026-05-28,4889.27,4914.21,4922.33,4843.23,267432731.0
2026-05-29,4937.51,4892.12,4954.07,4878.79,332518610.0
2026-06-01,4897.9,4844.26,4918.79,4836.69,296134051.0
2026-06-02,4860.61,4914.56,4930.28,4832.0,281731662.0
2026-06-03,4921.34,4938.81,4991.85,4904.9,304035947.0
2026-06-04,4897.32,4904.75,4938.78,4889.75,264808910.0
2026-06-05,4886.96,4816.92,4924.34,4798.91,301929336.0
2026-06-08,4703.77,4713.64,4779.86,4677.57,299647565.0
2026-06-09,4743.45,4801.81,4802.5,4715.39,258391601.0
2026-06-10,4753.12,4748.59,4786.52,4718.99,259297109.0
2026-06-11,4730.07,4722.41,4766.17,4685.5,247177059.0
2026-06-12,4784.64,4777.32,4809.86,4757.56,335922063.0
2026-06-15,4829.29,4891.71,4892.55,4803.18,331316076.0
2026-06-16,4894.88,4884.23,4908.28,4866.06,282584743.0
2026-06-17,4859.7,4931.39,4933.93,4859.7,276053950.0
2026-06-18,4916.04,4941.6,4976.89,4916.04,334459902.0
2026-06-22,4949.35,5059.66,5061.51,4928.46,375100124.0
2026-06-23,5048.03,4919.39,5064.27,4892.09,342719336.0
2026-06-24,4900.38,4943.02,4953.23,4892.27,312249025.0
2026-06-25,4950.98,5020.1,5032.0,4944.88,346664289.0
2026-06-26,4981.83,4868.22,4981.98,4845.19,341179238.0
2026-06-29,4866.04,4926.92,4928.6,4827.15,323216134.0
2026-06-30,4914.49,4979.43,4987.56,4914.49,306150226.0
2026-07-01,4972.69,4958.98,5017.38,4925.63,342934747.0
2026-07-02,4865.17,4812.3,4896.99,4800.48,343243758.0
2026-07-03,4809.5,4842.17,4890.97,4809.5,301067568.0
2026-07-06,4868.54,4842.0,4878.32,4789.8,294050543.0
2026-07-07,4813.87,4792.26,4839.51,4756.73,246305999.0
2026-07-08,4804.48,4755.53,4830.05,4751.4,243928749.0
2026-07-09,4774.4,4876.31,4882.85,4734.87,281627705.0
2026-07-10,4887.54,4780.79,4906.49,4780.75,304130286.0
2026-07-13,4745.44,4695.38,4775.24,4670.25,278634853.0
2026-07-14,4691.12,4796.5,4796.5,4649.04,283250986.0
2026-07-15,4797.94,4786.78,4826.86,4772.04,278692669.0
