code,name,list_date,issue_price,pe,board,n_days,open1,close1,close2,close3,high3max,low3min,ret_open1,ret_close1,ret_close2,ret_close3,max3_return,min3_return,any_close_below_issue_3d,close3_above_issue,day1_above_issue,open1_above_issue
001399,惠科股份,2026-06-26,10.12,25.45,Main,1,31.6,42.0,,,76.0,31.5,2.122529644268775,3.150197628458498,,,6.509881422924901,2.112648221343874,False,False,True,True
688797,臻宝科技,2026-06-24,44.56,31.31,STAR,3,448.0,585.0,574.44,545.07,619.97,388.66,9.053859964093357,12.128366247755833,11.891382405745063,11.232271095152603,12.913150807899461,7.722172351885099,False,True,True,True
920126,永大股份,2026-06-15,7.79,14.98,BSE,3,19.01,17.68,17.95,16.71,23.11,14.79,1.4403080872913994,1.269576379974326,1.3042362002567391,1.1450577663671373,1.9666238767650834,0.8985879332477533,False,True,True,True
920083,金戈新材,2026-06-11,9.65,14.99,BSE,3,53.16,51.51,39.8,39.38,60.0,36.36,4.50880829015544,4.33782383419689,3.124352331606217,3.080829015544041,5.217616580310881,2.7678756476683937,False,True,True,True
301669,高特电子,2026-06-09,7.08,29.97,ChiNext,3,63.65,51.3,50.37,39.72,63.65,39.51,7.990112994350282,6.245762711864407,6.114406779661016,4.610169491525424,7.990112994350282,4.580508474576271,False,True,True,True
920206,彩客科技,2026-06-08,30.28,14.98,BSE,3,78.11,81.87,92.0,75.56,116.85,75.12,1.579590488771466,1.7037648612945842,2.0383091149273445,1.4953764861294583,2.8589828269484805,1.4808454425363275,False,True,True,True
920211,新睿电子,2026-06-05,25.19,14.99,BSE,3,278.87,226.88,208.9,181.06,280.0,179.98,10.070662961492655,8.006748709805478,7.2929734021437085,6.187772925764192,10.1155220325526,6.144898769352917,False,True,True,True
920218,新天力,2026-05-29,12.19,14.99,BSE,3,44.97,45.2,31.79,29.75,58.18,28.06,2.6890894175553735,2.7079573420836756,1.6078753076292043,1.4405250205086135,3.772764561115669,1.3018867924528301,False,True,True,True
688635,长进光子,2026-05-27,40.98,44.22,STAR,3,530.0,659.99,611.3,720.5,749.85,522.0,11.933138116154222,15.105173255246463,13.9170326988775,16.581747193753053,17.297950219619327,11.73792093704246,False,True,True,True
920161,龙辰科技,2026-05-27,9.21,14.98,BSE,3,55.0,40.95,39.6,45.8,59.0,32.7,4.971769815418023,3.4462540716612375,3.2996742671009773,3.9728555917480994,5.406080347448425,2.550488599348534,False,True,True,True
001237,惠康科技,2026-05-22,53.26,21.04,Main,3,99.99,111.8,88.9,89.18,161.0,77.78,0.8773939166353737,1.0991363124295908,0.6691701088997373,0.6744273375891854,2.022906496432595,0.46038302666165976,False,True,True,True
603435,嘉德利,2026-05-22,15.76,29.72,Main,3,88.0,127.68,99.49,86.08,140.91,82.39,4.583756345177665,7.101522842639595,5.312817258883248,4.461928934010152,7.940989847715736,4.227791878172589,False,True,True,True
920220,朗信电气,2026-05-22,28.29,14.99,BSE,3,180.0,138.8,101.73,85.7,195.88,85.3,5.362672322375398,3.906327324142807,2.5959703075291625,2.0293389890420643,5.924001413927183,2.0151997172145633,False,True,True,True
001365,天海电子,2026-05-18,27.19,23.4,Main,3,81.0,67.12,65.66,68.55,82.88,61.02,1.9790364104450164,1.468554615667525,1.4148584038249354,1.5211474806914302,2.048179477749172,1.2442074292019125,False,True,True,True
920096,嘉晨智能,2026-05-18,14.43,14.99,BSE,3,70.0,112.01,88.88,102.35,112.01,70.0,3.851004851004851,6.762300762300763,5.159390159390159,6.0928620928620925,6.762300762300763,3.851004851004851,False,True,True,True
001393,维通利,2026-05-15,30.38,25.36,Main,3,120.0,120.67,95.26,93.6,150.0,90.21,2.949967083607637,2.972021066491113,2.1356155365371956,2.0809743252139565,3.937458854509546,1.9693877551020407,False,True,True,True
920178,锐翔智能,2026-05-15,29.47,14.99,BSE,3,165.0,173.99,226.18,248.0,269.9,165.0,4.598914149983034,4.903970139124534,6.674923651170682,7.415337631489651,8.158466236851034,4.598914149983034,False,True,True,True
301531,春光集团,2026-05-11,13.3,26.02,ChiNext,3,85.55,97.5,114.57,110.61,122.22,82.6,5.432330827067669,6.330827067669173,7.614285714285714,7.3165413533834585,8.189473684210526,5.210526315789473,False,True,True,True
603407,长裕集团,2026-05-11,13.86,23.0,Main,3,68.75,91.84,88.92,80.88,110.28,68.75,3.9603174603174605,5.626262626262627,5.415584415584416,4.8354978354978355,6.9567099567099575,3.9603174603174605,False,True,True,True
920200,振宏股份,2026-05-07,20.58,14.99,BSE,3,45.0,94.02,65.82,70.27,130.0,45.0,1.186588921282799,3.5685131195335282,2.198250728862974,2.414480077745384,5.31681243926142,1.186588921282799,False,True,True,True
301599,理奇智能,2026-04-30,13.91,22.7,ChiNext,3,48.0,62.4,70.18,71.2,80.0,47.5,2.4507548526240113,3.4859813084112146,4.0452911574406905,4.118619698058951,4.7512580877066855,2.4148094895758447,False,True,True,True
920186,中科仪,2026-04-29,16.21,35.23,BSE,3,61.0,71.98,76.4,77.0,82.66,60.0,2.7631091918568784,3.4404688463911164,3.713140037014189,3.7501542257865514,4.099321406539173,2.7014188772362737,False,True,True,True
920156,海昌智能,2026-04-27,20.93,14.98,BSE,3,44.12,40.6,39.8,44.11,44.59,38.11,1.107978977544195,0.939799331103679,0.9015766841853796,1.1075011944577162,1.1304347826086958,0.820831342570473,False,True,True,True
688808,联讯仪器,2026-04-24,81.88,63.64,STAR,3,736.92,799.0,880.0,864.99,900.0,688.99,8.0,8.75818270639961,9.74743527112848,9.564118221787982,9.991695163654128,7.414631167562288,False,True,True,True
920125,鸿仕达,2026-04-24,16.57,14.99,BSE,3,46.0,50.02,53.82,51.6,59.42,46.0,1.776101388050694,2.018708509354255,2.248038624019312,2.1140615570307784,2.5859987929993964,1.776101388050694,False,True,True,True
001312,福恩股份,2026-04-21,18.38,16.83,Main,3,36.51,30.57,29.1,26.93,36.53,26.8,0.9863982589771492,0.6632208922742111,0.5832426550598477,0.46517954298150177,0.9874863982589772,0.45810663764961923,False,True,True,True
688820,盛合晶微,2026-04-21,19.68,195.62,STAR,3,99.72,76.65,95.0,88.6,102.5,75.0,4.067073170731708,2.894817073170732,3.8272357723577235,3.502032520325203,4.208333333333333,2.8109756097560976,False,True,True,True
920191,瑞尔竞达,2026-04-20,7.71,14.99,BSE,3,15.99,14.88,13.18,13.19,16.38,12.88,1.0739299610894943,0.9299610894941635,0.7094682230869,0.7107652399481192,1.1245136186770428,0.6705577172503243,False,True,True,True
301513,尚水智能,2026-04-17,26.66,18.02,ChiNext,3,99.99,103.1,96.56,100.02,116.78,89.01,2.750562640660165,2.86721680420105,2.6219054763690925,2.751687921980495,3.380345086271568,2.338709677419355,False,True,True,True
301666,大普微,2026-04-16,46.08,,ChiNext,3,207.23,244.55,231.5,237.99,266.0,199.99,3.4971788194444446,4.307074652777779,4.023871527777778,4.164713541666667,4.772569444444445,3.3400607638888893,False,True,True,True
603293,埃泰克,2026-04-16,33.49,29.71,Main,3,71.0,71.02,64.71,60.75,85.2,60.58,1.1200358315915198,1.1206330247835172,0.9322185727082708,0.8139743206927439,1.5440429979098238,0.8088981785607643,False,True,True,True
920177,恒道科技,2026-04-16,21.8,14.99,BSE,3,40.0,36.58,40.0,38.35,43.07,35.86,0.8348623853211008,0.6779816513761467,0.8348623853211008,0.7591743119266054,0.9756880733944953,0.6449541284403668,False,True,True,True
920012,创达新材,2026-04-13,19.58,14.99,BSE,3,43.06,51.67,50.71,51.88,59.8,42.0,1.1991828396322783,1.6389172625127686,1.5898876404494384,1.649642492339122,2.0541368743615935,1.1450459652706844,False,True,True,True
301696,三瑞智能,2026-04-10,24.68,30.8,ChiNext,3,90.0,92.0,118.5,120.19,122.49,85.73,2.646677471636953,2.727714748784441,3.801458670988655,3.869935170178282,3.963128038897893,2.4736628849270668,False,True,True,True
688811,有研复材,2026-04-10,6.41,58.09,STAR,3,20.01,17.12,18.06,18.32,20.5,16.5,2.1216848673946958,1.6708268330733231,1.817472698907956,1.858034321372855,2.1981279251170047,1.5741029641185649,False,True,True,True
920181,赛英电子,2026-04-10,28.0,13.79,BSE,3,60.0,61.8,60.95,66.2,73.73,57.6,1.1428571428571428,1.2071428571428569,1.1767857142857143,1.3642857142857143,1.6332142857142857,1.0571428571428574,False,True,True,True
603459,红板科技,2026-04-08,17.7,25.6,Main,3,52.0,57.7,50.27,55.08,67.59,49.0,1.9378531073446328,2.259887005649718,1.840112994350283,2.1118644067796613,2.8186440677966105,1.768361581920904,False,True,True,True
920011,晨光电机,2026-04-08,15.5,14.96,BSE,3,30.0,29.04,25.21,25.04,32.05,24.85,0.935483870967742,0.8735483870967742,0.6264516129032258,0.6154838709677419,1.0677419354838706,0.603225806451613,False,True,True,True
301683,慧谷新材,2026-04-01,78.38,34.91,ChiNext,3,128.0,126.71,125.12,109.34,158.0,109.3,0.6330696606277113,0.6166113804541975,0.5963255932635878,0.3949987241643278,1.015820362337331,0.3944883898953815,False,True,True,True
001257,盛龙股份,2026-03-31,7.82,19.11,Main,3,23.46,27.68,24.73,24.78,30.0,20.8,2.0,2.539641943734015,2.162404092071611,2.1687979539641944,2.836317135549872,1.659846547314578,False,True,True,True
688813,泰金新能,2026-03-31,26.28,22.94,STAR,3,49.0,49.47,47.29,44.34,60.55,43.5,0.8645357686453576,0.8824200913242009,0.7994672754946726,0.6872146118721463,1.3040334855403346,0.6552511415525113,False,True,True,True
920055,隆源股份,2026-03-31,24.7,14.99,BSE,3,36.0,37.8,34.7,34.29,43.11,33.96,0.4574898785425101,0.5303643724696356,0.40485829959514175,0.3882591093117409,0.7453441295546559,0.37489878542510136,False,True,True,True
920188,悦龙科技,2026-03-30,14.04,14.99,BSE,3,39.86,30.2,25.29,24.58,40.0,24.46,1.8390313390313393,1.150997150997151,0.8012820512820513,0.7507122507122508,1.8490028490028494,0.7421652421652423,False,True,True,True
920069,普昂医疗,2026-03-27,18.38,14.53,BSE,3,39.0,43.48,36.68,35.72,50.0,35.28,1.1218715995647446,1.3656147986942329,0.9956474428726878,0.9434167573449401,1.7203482045701852,0.9194776931447226,False,True,True,True
301682,宏明电子,2026-03-25,69.66,33.61,ChiNext,3,140.14,128.65,132.45,122.81,145.0,122.2,1.0117714613838644,0.8468274476026416,0.9013781223083548,0.7629916738443872,1.0815389032443297,0.7542348550100488,False,True,True,True
688781,视涯科技,2026-03-25,22.68,,STAR,3,50.0,46.0,40.79,39.3,52.88,38.11,1.2045855379188715,1.0282186948853616,0.7985008818342152,0.7328042328042328,1.3315696649029984,0.6803350970017636,False,True,True,True
920028,新恒泰,2026-03-20,9.4,14.99,BSE,3,21.0,22.7,18.51,18.9,22.8,18.23,1.2340425531914891,1.4148936170212765,0.9691489361702128,1.0106382978723403,1.4255319148936172,0.9393617021276595,False,True,True,True
920078,族兴新材,2026-03-18,6.98,14.99,BSE,3,33.0,35.3,36.23,29.08,42.89,29.02,3.7277936962750715,4.057306590257879,4.190544412607449,3.1661891117478502,5.144699140401146,3.1575931232091685,False,True,True,True
920036,觅睿科技,2026-03-09,21.52,14.99,BSE,3,48.8,41.3,53.69,57.0,67.5,40.0,1.2676579925650557,0.9191449814126393,1.4948884758364311,1.6486988847583643,2.136617100371747,0.8587360594795539,False,True,True,True
301680,固德电材,2026-03-06,58.0,27.96,ChiNext,3,126.0,126.71,120.0,122.04,147.82,113.8,1.1724137931034484,1.1846551724137928,1.0689655172413794,1.104137931034483,1.5486206896551722,0.9620689655172414,False,True,True,True
920187,通领科技,2026-03-05,29.62,14.47,BSE,3,45.0,41.89,39.08,38.15,49.38,37.68,0.5192437542201216,0.41424713031735316,0.3193787981093854,0.28798109385550297,0.6671168129642133,0.27211343686698175,False,True,True,True
920183,海菲曼,2026-03-04,19.71,14.99,BSE,3,51.17,53.3,45.18,45.3,64.5,43.38,1.596144089294774,1.7042110603754437,1.2922374429223744,1.298325722983257,2.272450532724505,1.2009132420091326,False,True,True,True
920168,通宝光电,2026-02-26,16.17,14.99,BSE,3,29.5,27.49,26.1,26.02,31.6,25.56,0.8243661100803956,0.7000618429189855,0.6141001855287569,0.6091527520098947,0.9542362399505255,0.5807050092764376,False,True,True,True
920166,海圣医疗,2026-02-12,12.64,13.99,BSE,3,28.0,34.49,29.56,28.36,43.6,27.16,1.2151898734177213,1.7286392405063293,1.3386075949367084,1.2436708860759493,2.449367088607595,1.1487341772151898,False,True,True,True
688816,易思维,2026-02-11,55.95,90.39,STAR,3,100.0,88.92,76.3,76.45,107.98,76.0,0.7873100983020553,0.5892761394101875,0.36371760500446815,0.36639857015192123,0.9299374441465593,0.358355674709562,False,True,True,True
603284,林平发展,2026-02-10,37.88,18.69,Main,3,63.11,58.93,53.66,53.2,75.13,51.66,0.6660506863780358,0.5557022175290389,0.4165786694825764,0.4044350580781415,0.9833685322069692,0.3637803590285109,False,True,True,True
688818,电科蓝天,2026-02-10,9.47,56.79,STAR,3,80.5,65.94,62.06,57.5,80.88,56.41,7.50052798310454,5.963041182682153,5.553326293558606,5.071805702217529,7.540654699049629,4.956705385427665,False,True,True,True
920180,爱得科技,2026-02-10,7.67,14.98,BSE,3,25.0,21.23,20.01,19.26,26.0,19.2,2.259452411994785,1.7679269882659714,1.608865710560626,1.5110821382007824,2.389830508474576,1.5032594524119949,False,True,True,True
688712,北芯生命,2026-02-05,17.52,,STAR,3,50.31,49.64,47.56,44.83,55.8,44.51,1.8715753424657535,1.8333333333333335,1.714611872146119,1.5587899543378994,2.184931506849315,1.5405251141552512,False,True,True,True
001220,世盟股份,2026-02-03,28.0,15.29,Main,3,60.0,57.73,51.62,51.0,70.0,49.05,1.1428571428571428,1.061785714285714,0.8435714285714284,0.8214285714285714,1.5,0.7517857142857143,False,True,True,True
920119,美德乐,2026-01-30,41.88,14.99,BSE,3,135.0,109.5,110.36,107.7,142.65,105.0,2.2234957020057307,1.614613180515759,1.6351480420248325,1.5716332378223496,2.406160458452722,1.5071633237822346,False,True,True,True
601112,振石股份,2026-01-29,11.18,32.59,Main,3,30.0,24.78,21.68,21.53,31.0,20.5,1.6833631484794278,1.2164579606440071,0.9391771019677997,0.9257602862254026,1.7728085867620753,0.8336314847942756,False,True,True,True
688785,恒运昌,2026-01-28,92.18,48.39,STAR,3,310.0,371.3,381.0,417.34,421.0,310.0,2.3629854632241263,3.0279887177261875,3.1332176177044913,3.52744630071599,3.5671512258624425,2.3629854632241263,False,True,True,True
920159,农大科技,2026-01-28,25.0,13.4,BSE,3,49.9,52.89,46.05,46.6,65.18,44.88,0.996,1.1156000000000001,0.8419999999999999,0.8640000000000001,1.6072000000000002,0.7952000000000001,False,True,True,True
920076,国亮新材,2026-01-22,10.76,14.97,BSE,3,33.11,28.06,29.6,28.59,34.34,27.08,2.0771375464684017,1.607806691449814,1.7509293680297398,1.6570631970260226,2.1914498141263943,1.516728624535316,False,True,True,True
920050,爱舍伦,2026-01-21,15.98,14.99,BSE,3,48.88,44.04,38.68,39.06,55.0,38.5,2.058823529411765,1.7559449311639548,1.4205256570713392,1.4443053817271592,2.44180225281602,1.4092615769712138,False,True,True,True
920086,科马材料,2026-01-16,11.66,14.2,BSE,3,50.0,54.95,40.25,41.49,79.93,39.56,3.288164665523156,3.712692967409949,2.4519725557461407,2.558319039451115,5.855060034305318,2.3927958833619214,False,True,True,True
603352,至信股份,2026-01-15,21.88,26.85,Main,3,66.01,68.58,55.68,52.04,80.0,51.0,2.01691042047532,2.13436928702011,1.5447897623400366,1.3784277879341866,2.656307129798903,1.3308957952468008,False,True,True,True
603402,陕西旅游,2026-01-06,80.44,12.37,Main,3,131.15,132.0,140.83,132.0,152.0,125.0,0.6304077573346596,0.6409746394828444,0.7507458975634016,0.6409746394828444,0.8896071606166087,0.5539532570860268,False,True,True,True
301687,新广益,2025-12-31,21.93,28.59,ChiNext,3,65.0,71.32,69.18,74.5,95.88,65.0,1.9639762881896945,2.2521659826721385,2.154582763337894,2.397172822617419,3.3720930232558137,1.9639762881896945,False,True,True,True
920045,蘅东光,2025-12-31,31.59,14.99,BSE,3,350.0,309.0,348.99,326.2,388.0,307.0,10.079455523899968,8.781576448243115,10.047483380816715,9.32605254827477,11.282367837923394,8.71826527382083,False,True,True,True
001369,双欣环保,2025-12-30,6.85,16.19,Main,3,19.6,19.68,16.51,15.88,25.0,15.82,1.8613138686131392,1.872992700729927,1.4102189781021903,1.318248175182482,2.6496350364963503,1.3094890510948907,False,True,True,True
001396,誉帆科技,2025-12-30,22.29,19.77,Main,3,60.0,50.01,43.15,42.36,64.5,42.0,1.6917900403768509,1.243606998654105,0.9358456707043517,0.9004037685060566,1.8936742934051147,0.8842530282637955,False,True,True,True
688809,强一股份,2025-12-30,85.09,48.55,STAR,3,265.6,226.01,256.8,283.0,308.0,220.23,2.121400869667411,1.656128804794923,2.017980961335057,2.32589023387002,2.619696791632389,1.5882007286402628,False,True,True,True
920121,江天科技,2025-12-25,21.21,14.5,BSE,3,61.0,59.51,51.99,47.85,72.88,47.74,1.876001885902876,1.8057520037718056,1.4512022630834513,1.2560113154172559,2.436115040075436,1.2508250825082508,False,True,True,True
688805,健信超导,2025-12-24,18.58,61.97,STAR,3,65.03,58.12,53.31,50.85,72.59,49.99,2.5000000000000004,2.1280947255113025,1.8692142088266959,1.7368137782561899,2.906889128094726,1.6905274488697528,False,True,True,True
301449,天溯计量,2025-12-23,36.8,21.78,ChiNext,3,78.5,101.01,75.83,90.11,150.99,75.7,1.1331521739130435,1.7448369565217394,1.0605978260869566,1.4486413043478263,3.102989130434783,1.0570652173913047,False,True,True,True
301667,纳百川,2025-12-23,22.63,28.7,ChiNext,3,60.0,115.0,82.73,84.28,180.0,59.99,1.6513477684489617,4.081749889527177,2.655766681396377,2.7242598320813083,6.954043305346885,1.6509058771542202,False,True,True,True
603248,锡华科技,2025-12-23,10.1,33.12,Main,3,28.45,36.81,26.01,26.42,46.0,24.02,1.8168316831683167,2.644554455445545,1.5752475247524753,1.615841584158416,3.554455445544555,1.378217821782178,False,True,True,True
688807,优迅股份,2025-12-19,51.66,60.27,STAR,3,240.0,230.7,214.81,203.11,289.0,194.81,3.645760743321719,3.4657375145180023,3.1581494386372437,2.9316686024003102,4.59427022841657,2.7710027100271004,False,True,True,True
001325,元创股份,2025-12-18,24.75,12.93,Main,3,79.0,67.23,57.49,54.19,79.0,54.04,2.191919191919192,1.7163636363636363,1.322828282828283,1.1894949494949496,2.191919191919192,1.1834343434343433,False,True,True,True
688802,沐曦股份,2025-12-17,104.66,,STAR,3,700.0,829.9,787.04,715.6,895.0,650.0,5.688324097076247,6.9294859545193965,6.5199694248041276,5.837378176953947,7.551500095547487,5.210586661570801,False,True,True,True
688790,昂瑞微,2025-12-16,83.06,,STAR,3,240.0,216.05,202.21,179.8,244.0,179.68,1.889477486154587,1.6011317120154107,1.4345051769804962,1.1647002167108114,1.9376354442571633,1.1632554779677342,False,True,True,True
688796,百奥赛图,2025-12-10,26.68,519.12,STAR,3,58.0,65.8,64.48,58.23,69.8,55.01,1.1739130434782608,1.4662668665667167,1.4167916041979014,1.1825337331334334,1.6161919040479757,1.0618440779610197,False,True,True,True
688795,摩尔线程,2025-12-05,114.28,,STAR,3,650.0,600.5,594.25,628.31,688.0,556.0,4.687784389219461,4.254637731886595,4.199947497374868,4.497987399369968,5.0203010150507525,3.8652432621631085,False,True,True,True
001280,中国铀业,2025-12-03,17.89,27.06,Main,3,62.0,67.99,69.49,65.89,80.0,58.88,2.465623253214086,2.8004471771939627,2.8842929010620453,2.6830631637786473,3.471771939631079,2.291224147568474,False,True,True,True
920035,精创电气,2025-12-02,12.1,13.47,BSE,3,51.0,52.12,41.8,39.2,66.23,39.2,3.214876033057851,3.307438016528925,2.4545454545454546,2.2396694214876036,4.473553719008265,2.2396694214876036,False,True,True,True
920124,南特科技,2025-11-27,8.66,13.6,BSE,3,25.51,24.51,20.72,19.88,29.98,19.81,1.945727482678984,1.8302540415704391,1.3926096997690531,1.2956120092378751,2.4618937644341803,1.287528868360277,False,True,True,True
001233,海安集团,2025-11-25,48.0,13.94,Main,3,87.06,83.52,80.0,74.37,100.0,73.88,0.81375,0.74,0.6666666666666667,0.5493750000000002,1.0833333333333335,0.5391666666666666,False,True,True,True
920091,大鹏工业,2025-11-21,9.0,14.52,BSE,3,35.09,118.0,82.6,61.81,159.0,35.01,2.898888888888889,12.11111111111111,8.177777777777777,5.867777777777778,16.666666666666668,2.8899999999999997,False,True,True,True
301638,南网数字,2025-11-18,5.69,32.22,ChiNext,3,20.57,18.48,23.89,22.0,25.88,17.5,2.6151142355008785,2.2478031634446394,3.198594024604569,2.8664323374340945,3.548330404217926,2.0755711775043935,False,True,True,True
688727,恒坤新材,2025-11-18,14.99,71.42,STAR,3,58.0,61.55,60.05,58.22,66.65,50.5,2.869246164109406,3.1060707138092063,3.006004002668446,2.8839226150767177,3.446297531687792,2.3689126084056036,False,True,True,True
920160,北矿检测,2025-11-18,6.7,14.99,BSE,3,30.88,26.5,27.42,25.75,31.8,25.66,3.6089552238805966,2.955223880597015,3.092537313432836,2.843283582089552,3.746268656716418,2.8298507462686566,False,True,True,True
603092,德力佳,2025-11-07,46.68,34.98,Main,3,96.94,70.52,72.82,69.56,96.94,66.66,1.0766923736075409,0.5107112253641817,0.5599828620394172,0.4901456726649529,1.0766923736075409,0.4280205655526992,False,True,True,True
920003,中诚咨询,2025-11-07,14.27,9.69,BSE,3,42.0,38.54,35.6,34.95,42.87,34.8,1.9432375613174493,1.7007708479327261,1.4947442186405047,1.4491941135248778,2.0042046250875964,1.4386825508058863,False,True,True,True
603376,大明电子,2025-11-06,12.55,17.97,Main,3,61.1,64.45,50.96,46.12,75.8,46.0,3.8685258964143427,4.135458167330677,3.060557768924302,2.674900398406374,5.039840637450198,2.6653386454183265,False,True,True,True
603334,丰倍生物,2025-11-05,24.49,30.47,Main,3,66.0,66.76,57.13,54.42,76.0,53.0,1.694977541853818,1.7260106165781957,1.3327888934258882,1.2221314822376481,2.10330747243773,1.1641486320947325,False,True,True,True
920009,丹娜生物,2025-11-03,17.1,11.75,BSE,3,93.7,102.1,85.0,87.61,111.7,81.88,4.4795321637426895,4.970760233918128,3.970760233918128,4.1233918128654965,5.5321637426900585,3.788304093567251,False,True,True,True
688759,必贝特,2025-10-28,17.78,,STAR,3,48.9,31.01,31.86,34.82,48.91,29.79,1.750281214848144,0.7440944881889764,0.7919010123734531,0.9583802024746906,1.7508436445444318,0.6754780652418446,False,True,True,True
688765,禾元生物,2025-10-28,29.06,,STAR,3,88.0,91.1,113.22,117.9,123.88,73.33,2.028217481073641,2.134893324156917,2.8960770818995183,3.0571231933929806,3.262904335856848,1.523399862353751,False,True,True,True
688783,西安奕材,2025-10-28,8.62,,STAR,3,39.78,25.75,26.75,30.0,39.78,24.89,3.614849187935035,1.9872389791183296,2.103248259860789,2.4802784222737824,3.614849187935035,1.8874709976798147,False,True,True,True
920020,泰凯英,2025-10-28,7.5,11.02,BSE,3,19.05,21.64,22.29,20.12,23.88,19.0,1.54,1.8853333333333335,1.972,1.682666666666667,2.1839999999999997,1.5333333333333332,False,True,True,True
603175,超颖电子,2025-10-24,17.08,28.64,Main,3,70.1,84.99,83.01,77.4,99.77,66.66,3.1042154566744733,3.975995316159251,3.860070257611242,3.5316159250585484,4.841334894613584,2.9028103044496487,False,True,True,True
001386,马可波罗,2025-10-22,13.75,14.27,Main,3,33.1,31.46,31.45,28.54,40.0,28.53,1.4072727272727272,1.2880000000000003,1.2872727272727271,1.0756363636363635,1.9090909090909092,1.0749090909090908,False,True,True,True
601026,道生天合,2025-10-17,5.98,29.05,Main,3,24.77,29.68,25.96,25.96,30.0,24.06,3.1421404682274243,3.9632107023411365,3.3411371237458196,3.3411371237458196,4.016722408026755,3.023411371237458,False,True,True,True
920158,长江能科,2025-10-16,5.33,15.48,BSE,3,21.0,18.87,18.49,17.56,21.96,17.12,2.9399624765478425,2.5403377110694185,2.4690431519699807,2.294559099437148,3.120075046904315,2.2120075046904315,False,True,True,True
920080,奥美森,2025-10-10,8.25,12.99,BSE,3,36.11,37.11,34.1,31.7,39.89,31.36,3.376969696969697,3.498181818181818,3.1333333333333337,2.8424242424242423,3.835151515151515,2.8012121212121213,False,True,True,True
001285,瑞立科密,2025-09-30,42.28,29.64,Main,3,79.8,63.39,61.2,59.3,79.8,56.56,0.8874172185430462,0.4992904446546831,0.44749290444654677,0.40255439924314085,0.8874172185430462,0.3377483443708609,False,True,True,True
301563,云汉芯城,2025-09-30,27.0,20.91,ChiNext,3,120.0,116.8,164.56,142.27,199.0,114.04,3.4444444444444446,3.325925925925926,5.094814814814815,4.269259259259259,6.37037037037037,3.2237037037037037,False,True,True,True
301668,昊创瑞通,2025-09-26,21.0,21.02,ChiNext,3,58.0,61.06,58.78,50.25,75.0,50.05,1.7619047619047619,1.9076190476190478,1.7990476190476192,1.3928571428571428,2.5714285714285716,1.3833333333333333,False,True,True,True
301584,建发致新,2025-09-25,7.05,13.29,ChiNext,3,36.0,36.56,30.0,34.12,46.2,28.01,4.1063829787234045,4.18581560283688,3.25531914893617,3.839716312056737,5.553191489361702,2.973049645390071,False,True,True,True
301656,联合动力,2025-09-25,12.48,32.87,ChiNext,3,34.2,30.9,31.55,32.77,37.0,28.91,1.7403846153846154,1.4759615384615383,1.5280448717948718,1.6258012820512824,1.9647435897435894,1.3165064102564101,False,True,True,True
920015,锦华新材,2025-09-25,18.15,11.95,BSE,3,39.0,42.29,54.97,53.0,57.88,36.03,1.1487603305785123,1.3300275482093666,2.028650137741047,1.9201101928374658,2.188980716253444,0.985123966942149,False,True,True,True
603418,友升股份,2025-09-23,46.36,22.31,Main,3,90.02,79.5,71.25,68.15,92.0,67.44,0.9417601380500431,0.7148403796376186,0.5368852459016393,0.4700172562553928,0.9844693701466782,0.45470232959447787,False,True,True,True
920022,世昌股份,2025-09-19,10.9,10.74,BSE,3,48.22,40.5,34.4,33.33,49.44,33.0,3.423853211009174,2.715596330275229,2.1559633027522933,2.0577981651376143,3.5357798165137613,2.0275229357798166,False,True,True,True
301575,艾芬达,2025-09-10,27.69,20.35,ChiNext,3,83.0,74.77,71.51,63.16,87.98,63.05,1.9974720115565185,1.7002527988443479,1.5825207656193574,1.2809678584326472,2.1773203322499097,1.276995305164319,False,True,True,True
920100,三协电机,2025-09-08,8.83,12.31,BSE,3,69.0,78.2,81.29,83.33,88.88,68.0,6.814269535673839,7.856172140430351,8.206115515288788,8.437146092865232,9.06568516421291,6.701019252548131,False,True,True,True
603370,华新精科,2025-09-05,18.6,21.68,Main,3,65.0,69.3,63.02,57.3,77.3,57.3,2.494623655913978,2.7258064516129026,2.3881720430107527,2.080645161290322,3.155913978494623,2.080645161290322,False,True,True,True
920112,巴兰仕,2025-08-28,15.78,10.5,BSE,3,50.0,48.15,44.96,43.65,51.49,43.38,2.1685678073510775,2.0513307984790874,1.8491761723700888,1.7661596958174903,2.26299112801014,1.749049429657795,False,True,True,True
920056,能之光,2025-08-22,7.21,11.59,BSE,3,36.0,32.04,30.35,33.0,37.0,29.21,3.993065187239945,3.4438280166435504,3.209431345353676,3.5769764216366156,4.1317614424410545,3.051317614424411,False,True,True,True
920018,宏远股份,2025-08-20,9.17,12.8,BSE,3,37.2,42.0,36.67,35.02,48.0,34.8,3.0567066521264996,3.580152671755725,2.998909487459106,2.81897491821156,4.2344601962922575,2.794983642311886,False,True,True,True
920101,志高机械,2025-08-14,17.41,15.05,BSE,3,68.0,57.66,55.14,54.99,69.8,51.26,2.9058012636415853,2.311889718552556,2.167145318782309,2.1585295807007467,3.0091901206203326,1.9442848937392303,False,True,True,True
301632,广东建科,2025-08-12,6.56,26.48,ChiNext,3,32.66,34.01,43.6,37.53,46.68,30.02,3.9786585365853657,4.184451219512195,5.646341463414635,4.721036585365854,6.115853658536586,3.576219512195122,False,True,True,True
603406,天富龙,2025-08-08,23.6,20.93,Main,3,70.99,56.8,53.21,49.47,82.0,49.35,2.0080508474576266,1.406779661016949,1.2546610169491523,1.096186440677966,2.4745762711864403,1.0911016949152543,False,True,True,True
920007,酉立智能,2025-08-08,23.99,11.75,BSE,3,98.0,83.22,80.2,77.39,98.8,76.76,3.0850354314297626,2.4689453939141313,2.3430596081700714,2.2259274697790747,3.1183826594414343,2.199666527719884,False,True,True,True
301491,汉桑科技,2025-08-06,28.91,14.9,ChiNext,3,91.5,82.89,72.14,67.12,110.0,66.66,2.1649948114839157,1.8671739882393634,1.4953303355240402,1.3216879972327917,2.804911795226565,1.3057765479072985,False,True,True,True
920005,鼎佳精密,2025-07-31,11.16,15.55,BSE,3,59.0,64.63,55.22,52.51,69.0,51.63,4.28673835125448,4.791218637992831,3.9480286738351253,3.7051971326164876,5.182795698924731,3.626344086021506,False,True,True,True
001221,悍高集团,2025-07-30,15.43,11.86,Main,3,47.01,80.0,60.19,59.62,120.0,47.01,2.0466623460790667,4.184705119896306,2.900842514581983,2.863901490602722,6.777057679844459,2.0466623460790667,False,True,True,True
301609,山大电力,2025-07-23,14.66,19.57,ChiNext,3,87.7,66.85,60.79,56.34,88.44,56.03,4.982264665757162,3.560027285129604,3.1466575716234653,2.8431105047748977,5.032742155525239,2.8219645293315145,False,True,True,True
603262,技源集团,2025-07-23,10.88,25.51,Main,3,51.0,40.75,38.67,39.11,51.8,37.0,3.6875,2.7454044117647056,2.5542279411764706,2.5946691176470584,3.7610294117647056,2.4007352941176467,False,True,True,True
600930,华电新能,2025-07-16,3.18,15.56,Main,3,5.5,7.18,6.52,6.65,10.17,5.5,0.7295597484276728,1.2578616352201255,1.0503144654088046,1.091194968553459,2.1981132075471694,0.7295597484276728,False,True,True,True
301630,同宇新材,2025-07-10,84.0,23.94,ChiNext,3,180.0,191.56,203.04,177.66,237.9,171.89,1.1428571428571428,1.2804761904761905,1.4171428571428573,1.1149999999999998,1.8321428571428573,1.0463095238095237,False,True,True,True
688729,屹唐股份,2025-07-08,8.45,51.55,STAR,3,26.2,23.2,20.96,21.17,26.2,19.11,2.1005917159763317,1.745562130177515,1.4804733727810655,1.5053254437869827,2.1005917159763317,1.2615384615384615,False,True,True,True
001388,信通电子,2025-07-01,16.42,20.39,Main,3,60.0,63.44,63.56,61.2,70.0,54.88,2.6540803897685747,2.8635809987819725,2.8708891595615103,2.7271619975639463,3.263093788063337,2.342265529841656,False,True,True,True
920037,广信科技,2025-06-26,10.0,7.87,BSE,3,50.0,60.0,70.67,72.85,74.5,50.0,4.0,5.0,6.067,6.284999999999999,6.45,4.0,False,True,True,True
301678,新恒汇,2025-06-20,12.8,17.76,ChiNext,3,50.0,42.12,45.0,48.51,58.77,39.2,2.90625,2.2906249999999995,2.515625,2.7898437499999997,3.5914062500000004,2.0625,False,True,True,True
603400,华之杰,2025-06-20,19.88,13.05,Main,3,61.0,53.87,47.11,49.93,69.65,46.15,2.06841046277666,1.7097585513078473,1.369718309859155,1.5115694164989941,2.503521126760564,1.3214285714285716,False,True,True,True
603382,海阳科技,2025-06-12,11.5,12.69,Main,3,33.0,55.97,38.08,36.63,70.0,33.0,1.8695652173913042,3.86695652173913,2.311304347826087,2.1852173913043482,5.086956521739131,1.8695652173913042,False,True,True,True
688775,影石创新,2025-06-11,47.27,20.04,STAR,3,182.0,177.0,170.24,171.8,187.99,161.8,2.8502221281997038,2.744446795007404,2.6014385445314154,2.6344404484874127,2.9769409773640785,2.4228897821028137,False,True,True,True
920027,交大铁发,2025-06-10,8.81,13.42,BSE,3,33.9,31.9,33.55,31.9,34.88,31.01,2.847900113507378,2.6208853575482403,2.8081725312145283,2.6208853575482403,2.959137343927355,2.5198637911464243,False,True,True,True
301590,优优绿能,2025-06-05,89.6,15.37,ChiNext,3,150.01,151.1,157.74,157.5,178.88,145.1,0.6742187500000001,0.6863839285714286,0.7604910714285718,0.7578125000000002,0.9964285714285714,0.6194196428571428,False,True,True,True
603049,中策橡胶,2025-06-05,46.5,12.24,Main,3,57.0,49.68,47.03,46.96,57.0,46.72,0.22580645161290325,0.06838709677419352,0.011397849462365661,0.009892473118279677,0.22580645161290325,0.004731182795698841,False,True,True,True
001390,古麒绒材,2025-05-29,12.08,14.65,Main,3,30.0,32.0,27.02,25.65,39.0,25.44,1.4834437086092715,1.6490066225165565,1.2367549668874172,1.1233443708609272,2.228476821192053,1.1059602649006623,False,True,True,True
301595,太力科技,2025-05-19,17.05,21.55,ChiNext,3,45.0,54.3,50.2,43.59,66.88,41.55,1.6392961876832843,2.1847507331378297,1.9442815249266863,1.5565982404692082,2.9225806451612897,1.4369501466275656,False,True,True,True
603014,威高血净,2025-05-19,26.5,24.82,Main,3,49.99,41.41,38.87,37.11,49.99,37.06,0.8864150943396227,0.5626415094339621,0.46679245283018855,0.4003773584905661,0.8864150943396227,0.398490566037736,False,True,True,True
301636,泽润新能,2025-05-16,33.06,17.57,ChiNext,3,65.5,65.96,58.6,57.7,74.18,56.87,0.9812462189957651,0.995160314579552,0.7725347852389595,0.7453115547489413,1.2437991530550514,0.7202056866303688,False,True,True,True
688755,汉邦科技,2025-05-16,22.77,26.35,STAR,3,49.0,46.1,46.55,49.2,55.55,44.99,1.1519543258673695,1.0245937637241984,1.0443566095740007,1.160737812911726,1.439613526570048,0.9758454106280194,False,True,True,True
920068,天工股份,2025-05-13,3.94,15.19,BSE,3,22.01,20.17,20.4,24.54,26.52,17.98,4.586294416243655,4.119289340101523,4.177664974619289,5.228426395939086,5.730964467005077,3.563451776649746,False,True,True,True
301560,众捷汽车,2025-04-25,16.5,21.3,ChiNext,3,45.0,46.1,39.91,41.3,58.55,38.0,1.727272727272727,1.793939393939394,1.4187878787878785,1.503030303030303,2.5484848484848484,1.3030303030303032,False,True,True,True
001400,江顺科技,2025-04-24,37.36,15.32,Main,3,84.5,66.7,60.77,56.96,84.79,56.93,1.2617773019271947,0.7853319057815846,0.6266059957173449,0.5246252676659529,1.2695396145610278,0.5238222698072805,False,True,True,True
603202,天有为,2025-04-24,93.5,13.5,Main,3,140.0,116.0,107.9,101.96,140.0,101.54,0.49732620320855614,0.2406417112299466,0.1540106951871658,0.09048128342245976,0.49732620320855614,0.0859893048128344,False,True,True,True
301662,宏工科技,2025-04-17,26.6,7.05,ChiNext,3,72.2,70.51,67.33,63.18,83.8,62.8,1.7142857142857144,1.6507518796992482,1.5312030075187968,1.375187969924812,2.150375939849624,1.3609022556390977,False,True,True,True
603120,肯特催化,2025-04-16,15.0,16.76,Main,3,54.9,48.9,46.24,41.21,60.06,41.15,2.6599999999999997,2.26,2.082666666666667,1.7473333333333332,3.0040000000000004,1.7433333333333332,False,True,True,True
001335,信凯科技,2025-04-15,12.8,14.38,Main,3,51.0,52.81,45.28,47.6,65.9,43.43,2.984375,3.12578125,2.5375,2.71875,4.1484375,2.3929687499999996,False,True,True,True
301665,泰禾股份,2025-04-11,10.27,13.4,ChiNext,3,45.0,40.05,35.55,34.59,45.0,33.88,3.3816942551119764,2.899707887049659,2.4615384615384612,2.3680623174294064,3.3816942551119764,2.2989289191820843,False,True,True,True
603210,泰鸿万立,2025-04-09,8.6,18.6,Main,3,30.02,30.44,30.03,24.78,39.5,24.62,2.490697674418605,2.5395348837209304,2.4918604651162792,1.8813953488372097,3.5930232558139537,1.8627906976744186,False,True,True,True
603257,中国瑞林,2025-04-08,20.52,18.17,Main,3,61.05,99.9,73.24,69.37,165.0,58.5,1.975146198830409,3.8684210526315796,2.5692007797270953,2.3806042884990255,7.040935672514619,1.8508771929824563,False,True,True,True
301658,首航新能,2025-04-02,11.8,15.88,ChiNext,3,40.0,40.65,43.05,43.44,49.85,35.56,2.389830508474576,2.4449152542372876,2.648305084745762,2.6813559322033895,3.2245762711864403,2.0135593220338985,False,True,True,True
920029,开发科技,2025-03-28,30.38,8.68,BSE,3,73.5,76.06,82.76,84.8,91.19,70.79,1.4193548387096775,1.5036208031599738,1.7241606319947338,1.791310072416063,2.0016458196181697,1.3301514154048717,False,True,True,True
301535,浙江华远,2025-03-27,4.92,25.91,ChiNext,3,30.0,24.06,22.65,24.6,32.0,21.6,5.097560975609756,3.890243902439024,3.6036585365853657,4.0,5.504065040650406,3.3902439024390247,False,True,True,True
301616,浙江华业,2025-03-27,20.87,25.22,ChiNext,3,57.15,51.99,44.45,55.58,66.66,43.8,1.7383804504072828,1.4911356013416386,1.129851461427887,1.663152850982271,2.1940584571154766,1.098706276952563,False,True,True,True
688757,胜科纳米,2025-03-25,9.08,42.64,STAR,3,31.0,27.46,24.49,24.37,31.0,24.14,2.4140969162995596,2.0242290748898677,1.6971365638766516,1.6839207048458151,2.4140969162995596,1.658590308370044,False,True,True,True
301629,矽电股份,2025-03-24,52.28,26.23,ChiNext,3,180.0,157.93,158.34,158.5,189.99,148.08,2.442999234889059,2.020849273144606,2.0286916602907423,2.031752104055088,2.6340856924254017,1.832440703902066,False,True,True,True
001382,新亚电缆,2025-03-21,7.4,18.71,Main,3,37.0,29.91,29.25,25.5,37.0,25.34,4.0,3.0418918918918916,2.9527027027027026,2.4459459459459456,4.0,2.424324324324324,False,True,True,True
603124,江南新材,2025-03-20,10.54,12.4,Main,3,66.0,74.5,57.72,51.02,85.58,50.51,5.261859582542695,6.068311195445921,4.476280834914611,3.840607210626187,7.11954459203036,3.792220113851992,False,True,True,True
301501,恒鑫生活,2025-03-19,39.92,19.24,ChiNext,3,87.6,71.48,63.23,57.57,87.6,57.54,1.19438877755511,0.7905811623246493,0.5839178356713426,0.44213426853707416,1.19438877755511,0.44138276553106204,False,True,True,True
301479,弘景光电,2025-03-18,41.9,23.3,ChiNext,3,130.0,160.07,147.66,138.69,168.89,127.5,2.1026252983293556,2.8202863961813844,2.524105011933174,2.3100238663484487,3.0307875894988063,2.0429594272076375,False,True,True,True
301275,汉朔科技,2025-03-11,27.5,17.14,ChiNext,3,79.18,66.92,85.0,74.2,86.96,66.33,1.8792727272727276,1.4334545454545453,2.090909090909091,1.6981818181818182,2.1621818181818178,1.412,False,True,True,True
603271,永杰新材,2025-03-11,20.6,17.03,Main,3,47.3,46.23,45.6,42.56,59.5,42.5,1.2961165048543686,1.2441747572815531,1.2135922330097086,1.066019417475728,1.8883495145631066,1.0631067961165046,False,True,True,True
301557,常友科技,2025-03-04,28.88,15.7,ChiNext,3,80.23,89.99,97.0,106.61,130.0,80.23,1.7780470914127426,2.1159972299168976,2.3587257617728534,2.691481994459834,3.501385041551247,1.7780470914127426,False,True,True,True
603409,汇通控股,2025-03-04,24.18,20.72,Main,3,48.5,50.81,45.55,48.49,77.77,44.77,1.0057899090157156,1.1013234077750207,0.8837882547559965,1.0053763440860215,2.216294458229942,0.8515301902398678,False,True,True,True
301173,毓恬冠佳,2025-03-03,28.33,16.07,ChiNext,3,80.0,70.59,64.3,60.28,83.8,58.88,1.8238616307800921,1.4917049064595838,1.2696787857394987,1.1277797387927992,1.9579950582421461,1.0783621602541476,False,True,True,True
920108,宏海科技,2025-02-06,5.57,15.37,BSE,3,18.02,19.28,19.31,18.72,21.95,16.5,2.2351885098743267,2.4614003590664275,2.4667863554757625,2.3608617594254935,2.940754039497307,1.9622980251346496,False,True,True,True
001395,亚联机械,2025-01-27,19.08,17.08,Main,3,65.0,49.5,41.5,40.91,69.0,39.5,2.406708595387841,1.5943396226415096,1.1750524109014675,1.1441299790356396,2.616352201257862,1.0702306079664572,False,True,True,True
688411,海博思创,2025-01-27,19.38,6.14,STAR,3,73.6,63.8,61.31,60.95,73.95,57.0,2.7977296181630544,2.2920536635706914,2.163570691434469,2.14499484004128,2.815789473684211,1.9411764705882355,False,True,True,True
001356,富岭股份,2025-01-23,5.3,14.48,Main,3,22.22,23.28,17.53,14.78,30.0,14.7,3.192452830188679,3.39245283018868,2.307547169811321,1.788679245283019,4.660377358490567,1.7735849056603774,False,True,True,True
301602,超研股份,2025-01-22,6.7,28.03,ChiNext,3,30.0,32.1,28.36,25.24,38.99,25.2,3.477611940298507,3.791044776119403,3.232835820895522,2.767164179104477,4.819402985074627,2.761194029850746,False,True,True,True
688545,兴福电子,2025-01-22,11.68,40.46,STAR,3,33.35,27.39,27.6,27.44,33.35,26.11,1.8553082191780823,1.3450342465753424,1.3630136986301373,1.349315068493151,1.8553082191780823,1.235445205479452,False,True,True,True
301601,惠通科技,2025-01-15,11.8,18.28,ChiNext,3,55.1,47.4,44.49,39.03,60.0,38.88,3.6694915254237284,3.016949152542373,2.7703389830508476,2.3076271186440676,4.084745762711864,2.294915254237288,False,True,True,True
688583,思看科技,2025-01-15,33.46,23.0,STAR,3,105.0,100.0,94.67,90.01,110.0,89.01,2.1380753138075312,1.9886431560071727,1.8293484757919902,1.6900777047220563,2.28750747160789,1.6601912731619843,False,True,True,True
301458,钧崴电子,2025-01-10,10.4,32.82,ChiNext,3,41.01,36.1,36.85,45.0,51.04,33.23,2.9432692307692303,2.4711538461538463,2.543269230769231,3.3269230769230766,3.907692307692307,2.195192307692307,False,True,True,True
688758,赛分科技,2025-01-10,4.32,39.09,STAR,3,28.15,20.7,17.41,18.81,29.0,16.86,5.516203703703703,3.791666666666666,3.0300925925925926,3.354166666666666,5.712962962962963,2.9027777777777772,False,True,True,True
301581,黄山谷捷,2025-01-03,27.5,15.14,ChiNext,3,80.0,70.01,63.1,61.01,99.99,57.38,1.9090909090909092,1.545818181818182,1.2945454545454544,1.2185454545454544,2.6359999999999997,1.0865454545454547,False,True,True,True
603072,天和磁材,2025-01-03,12.3,20.13,Main,3,40.0,48.0,39.88,38.3,100.0,36.8,2.252032520325203,2.902439024390244,2.2422764227642276,2.1138211382113816,7.130081300813007,1.9918699186991864,False,True,True,True
920116,星图测控,2025-01-02,6.92,15.55,BSE,3,45.0,35.1,45.63,37.6,46.87,35.0,5.502890173410405,4.072254335260116,5.59393063583815,4.433526011560694,5.773121387283236,4.057803468208093,False,True,True,True
001391,国货航,2024-12-30,2.3,25.99,Main,3,10.0,9.3,9.21,8.69,12.5,7.22,3.3478260869565224,3.0434782608695654,3.004347826086957,2.7782608695652176,4.434782608695652,2.139130434782609,False,True,True,True
920082,方正阀门,2024-12-26,3.51,8.69,BSE,3,21.0,21.7,16.07,14.62,25.0,14.5,4.982905982905983,5.182336182336183,3.5783475783475787,3.165242165242165,6.122507122507123,3.131054131054131,False,True,True,True
603194,中力股份,2024-12-24,20.32,10.11,Main,3,69.99,54.08,44.18,43.11,69.99,42.06,2.4443897637795273,1.6614173228346454,1.1742125984251968,1.1215551181102361,2.4443897637795273,1.0698818897637796,False,True,True,True
301585,蓝宇股份,2024-12-20,23.95,21.95,ChiNext,3,70.0,73.0,62.3,55.5,103.0,54.51,1.9227557411273488,2.048016701461378,1.6012526096033404,1.3173277661795408,3.3006263048016704,1.275991649269311,False,True,True,True
301598,博科测试,2024-12-20,38.46,24.0,ChiNext,3,98.0,83.98,80.8,72.88,110.0,71.01,1.548101924076963,1.1835673426937077,1.1008840353614144,0.8949557982319292,1.860114404576183,0.8463338533541342,False,True,True,True
920106,林泰新材,2024-12-18,19.82,18.35,BSE,3,68.0,68.4,62.89,56.13,78.07,56.0,2.43087790110999,2.451059535822402,2.1730575176589304,1.8319878910191725,2.938950554994954,1.825428859737639,False,True,True,True
688605,先锋精科,2024-12-12,11.29,28.64,STAR,3,85.0,71.56,75.0,68.18,86.9,67.3,6.528786536758194,5.338352524357839,5.643046944198407,5.0389725420726315,6.697077059344553,4.961027457927369,False,True,True,True
301617,博苑股份,2024-12-11,27.76,15.86,ChiNext,3,88.88,80.08,68.15,64.2,107.66,63.81,2.2017291066282416,1.8847262247838614,1.4549711815561959,1.3126801152737753,2.8782420749279534,1.2986311239193085,False,True,True,True
688708,佳驰科技,2024-12-05,27.08,20.72,STAR,3,85.0,68.0,69.39,64.75,85.25,64.44,2.1388478581979324,1.5110782865583459,1.562407680945347,1.3910635155096012,2.1480797636632203,1.3796159527326441,False,True,True,True
920098,科隆新材,2024-12-05,14.0,14.86,BSE,3,49.98,42.19,54.84,46.0,61.32,41.11,2.57,2.0135714285714283,2.9171428571428573,2.2857142857142856,3.38,1.9364285714285714,False,True,True,True
301622,英思特,2024-12-04,22.36,21.63,ChiNext,3,130.0,100.0,84.1,79.83,149.99,79.7,4.813953488372094,3.4722719141323797,2.7611806797853307,2.5702146690518783,5.707960644007156,2.5644007155635067,False,True,True,True
688449,联芸科技,2024-11-29,11.25,166.67,STAR,3,66.66,50.98,43.74,44.41,70.01,43.44,4.925333333333333,3.5315555555555553,2.8880000000000003,2.9475555555555553,5.223111111111112,2.861333333333333,False,True,True,True
920128,胜业电气,2024-11-29,9.12,16.51,BSE,3,52.0,46.14,42.0,40.68,60.0,39.93,4.701754385964913,4.05921052631579,3.605263157894737,3.4605263157894743,5.578947368421053,3.3782894736842106,False,True,True,True
603395,红四方,2024-11-26,7.98,10.62,Main,3,65.0,160.99,81.0,72.8,188.0,50.52,7.145363408521304,19.174185463659146,9.150375939849624,8.12280701754386,22.55889724310777,5.330827067669173,False,True,True,True
301631,壹连科技,2024-11-22,72.99,19.06,ChiNext,3,205.0,206.99,169.0,171.73,240.0,159.0,1.808603918344979,1.8358679271133034,1.3153856692697632,1.3527880531579668,2.2881216605014387,1.1783806000822032,False,True,True,True
688750,金天钛业,2024-11-20,7.16,24.72,STAR,3,37.01,30.1,28.44,26.42,37.01,26.1,4.1689944134078205,3.2039106145251397,2.9720670391061454,2.6899441340782126,4.1689944134078205,2.6452513966480447,False,True,True,True
920060,万源通,2024-11-19,11.16,15.4,BSE,3,40.0,52.88,48.04,49.0,58.88,40.0,2.5842293906810037,3.7383512544802873,3.3046594982078847,3.3906810035842296,4.275985663082437,2.5842293906810037,False,True,True,True
920111,聚星科技,2024-11-11,6.25,13.23,BSE,3,28.0,23.77,30.9,40.17,40.17,22.61,3.4800000000000004,2.8032,3.944,5.4272,5.4272,2.6176,False,True,True,True
301633,港迪技术,2024-11-07,37.94,26.71,ChiNext,3,187.0,137.13,132.9,126.03,187.0,116.7,3.928835002635741,2.614391143911439,2.502899314707433,2.3218239325250396,3.928835002635741,2.0759093305218768,False,True,True,True
603205,健尔康,2024-11-07,14.65,14.59,Main,3,81.0,70.08,79.0,65.11,96.21,58.9,4.5290102389078495,3.783617747440273,4.392491467576792,3.4443686006825933,5.567235494880546,3.0204778156996586,False,True,True,True
301628,强达电路,2024-10-31,28.18,24.98,ChiNext,3,111.0,137.5,124.01,105.26,211.0,101.11,2.9389638041163946,3.8793470546486875,3.400638750887154,2.7352732434350604,6.487579843860894,2.5880056777856635,False,True,True,True
920066,科拜尔,2024-10-31,13.31,14.45,BSE,3,45.66,52.52,40.68,38.88,68.42,37.13,2.4305033809166035,2.9459053343350865,2.056348610067618,1.9211119459053343,4.140495867768595,1.7896318557475581,False,True,True,True
688726,拉普拉斯,2024-10-29,17.58,19.87,STAR,3,100.0,67.91,64.5,73.06,100.0,61.61,4.688282138794085,2.8629124004550626,2.6689419795221845,3.1558589306029585,4.688282138794085,2.5045506257110355,False,True,True,True
920088,科力股份,2024-10-29,7.32,14.79,BSE,3,45.0,36.4,30.4,30.03,48.0,28.51,5.147540983606557,3.972677595628415,3.1530054644808736,3.1024590163934427,5.557377049180328,2.894808743169399,False,True,True,True
301613,新铝时代,2024-10-25,27.7,14.57,ChiNext,3,128.0,117.28,95.64,90.22,160.0,88.02,3.6209386281588447,3.2339350180505413,2.452707581227437,2.257039711191336,4.776173285198556,2.1776173285198555,False,True,True,True
301592,六九一二,2024-10-24,29.49,22.66,ChiNext,3,265.41,170.0,148.0,146.9,289.99,139.0,8.000000000000002,4.764665988470668,4.0186503899626995,3.9813496100373014,8.833502882332995,3.7134621905730762,False,True,True,True
301626,苏州天脉,2024-10-24,21.23,16.31,ChiNext,3,191.07,117.97,117.88,106.74,191.07,99.0,8.0,4.556759302873292,4.552520018841262,4.027790861987753,8.0,3.6632124352331603,False,True,True,True
301556,托普云农,2024-10-17,14.5,11.73,ChiNext,3,130.5,130.51,146.03,112.0,172.63,90.01,8.0,8.000689655172414,9.071034482758622,6.724137931034483,10.905517241379311,5.207586206896552,False,True,True,True
301522,上大股份,2024-10-16,6.88,20.02,ChiNext,3,61.92,79.85,55.6,59.01,102.0,46.64,8.0,10.60610465116279,7.08139534883721,7.5770348837209305,13.825581395348838,5.779069767441861,False,True,True,True
001279,强邦新材,2024-10-11,9.68,17.54,Main,3,87.12,178.01,109.95,96.73,245.0,87.12,8.0,17.389462809917354,10.358471074380166,8.992768595041323,24.3099173553719,8.0,False,True,True,True
920019,铜冠矿建,2024-10-11,4.33,15.48,BSE,3,33.36,36.0,25.2,23.2,55.55,23.05,6.704387990762124,7.3140877598152425,4.819861431870669,4.35796766743649,11.829099307159353,4.323325635103926,False,True,True,True
301618,长联科技,2024-09-30,21.12,17.0,ChiNext,3,99.0,381.0,505.55,255.0,689.0,99.0,3.6875,17.039772727272727,22.937026515151516,11.073863636363635,31.623106060606062,3.6875,False,True,True,True
301551,无线传媒,2024-09-26,9.4,13.95,ChiNext,3,30.25,39.37,50.64,181.0,280.0,29.11,2.2180851063829787,3.188297872340425,4.3872340425531915,18.25531914893617,28.78723404255319,2.0968085106382977,False,True,True,True
688615,合合信息,2024-09-26,55.18,18.55,STAR,3,100.0,113.62,125.01,245.01,300.01,88.93,0.8122508155128669,1.0590793765857196,1.265494744472635,3.440195723088075,4.436933671620152,0.6116346502355927,False,True,True,True
920099,瑞华技术,2024-09-25,19.0,13.54,BSE,3,24.0,24.19,22.1,23.2,29.32,21.1,0.26315789473684204,0.27315789473684227,0.16315789473684217,0.2210526315789474,0.5431578947368421,0.1105263157894738,False,True,True,True
603091,众鑫股份,2024-09-20,26.5,11.86,Main,3,46.6,41.87,37.98,37.38,47.2,35.73,0.7584905660377359,0.5799999999999998,0.43320754716981114,0.4105660377358491,0.7811320754716982,0.3483018867924528,False,True,True,True
920016,中草香料,2024-09-13,7.5,15.37,BSE,3,12.49,25.6,17.92,19.41,45.0,12.2,0.6653333333333333,2.4133333333333336,1.3893333333333335,1.588,5.0,0.6266666666666665,False,True,True,True
301600,慧翰股份,2024-09-11,39.84,22.57,ChiNext,3,67.0,61.23,59.84,54.78,76.0,54.57,0.6817269076305219,0.5368975903614455,0.5020080321285141,0.375,0.9076305220883532,0.3697289156626504,False,True,True,True
301607,富特科技,2024-09-04,14.0,16.82,ChiNext,3,45.91,54.88,44.08,48.0,59.67,42.91,2.279285714285714,2.9200000000000004,2.1485714285714286,2.4285714285714284,3.262142857142857,2.065,False,True,True,True
001277,速达股份,2024-09-03,32.0,15.05,Main,3,50.21,43.57,38.72,35.64,51.03,35.52,0.5690625,0.3615625,0.20999999999999996,0.11375000000000002,0.5946875,0.1100000000000001,False,True,True,True
688710,益诺思,2024-09-03,19.06,15.4,STAR,3,30.55,26.99,27.24,25.62,32.0,25.12,0.6028331584470097,0.41605456453305356,0.4291710388247638,0.34417628541448075,0.6789087093389299,0.31794333683106,False,True,True,True
920008,成电光信,2024-08-29,10.0,15.15,BSE,3,23.01,20.1,18.8,19.84,25.1,17.84,1.3010000000000002,1.0100000000000002,0.8800000000000001,0.984,1.5100000000000002,0.784,False,True,True,True
301586,佳力奇,2024-08-28,18.09,19.15,ChiNext,3,60.01,62.29,57.69,54.0,68.16,51.0,2.3173023770038697,2.443338861249309,2.189054726368159,1.9850746268656718,2.7678275290215586,1.8192371475953566,False,True,True,True
603207,小方制药,2024-08-26,12.47,10.02,Main,3,30.0,33.3,36.41,31.1,39.5,29.1,1.4057738572574179,1.6704089815557333,1.919807538091419,1.4939855653568563,2.167602245388933,1.3336006415396953,False,True,True,True
920118,太湖远大,2024-08-22,17.0,11.8,BSE,3,23.0,23.13,20.77,19.68,28.69,19.58,0.3529411764705883,0.36058823529411765,0.22176470588235286,0.15764705882352947,0.6876470588235295,0.1517647058823528,False,True,True,True
301571,国科天成,2024-08-21,11.14,15.76,ChiNext,3,42.0,35.65,32.5,38.76,44.0,32.0,2.7701974865350087,2.2001795332136442,1.9174147217235187,2.4793536804308793,2.949730700179533,1.8725314183123878,False,True,True,True
301611,珂玛科技,2024-08-16,8.0,44.9,ChiNext,3,35.33,37.46,32.05,32.31,40.12,29.96,3.41625,3.6825,3.0062499999999996,3.0387500000000003,4.015,2.745,False,True,True,True
603310,巍华新材,2024-08-14,17.39,12.26,Main,3,23.3,23.59,21.56,20.12,29.04,19.89,0.3398504887866589,0.35652673950546276,0.23979298447383535,0.1569867740080506,0.6699252443933295,0.1437607820586544,False,True,True,True
688721,龙图光罩,2024-08-06,18.5,30.2,STAR,3,41.0,34.9,31.3,33.5,41.15,30.91,1.2162162162162162,0.8864864864864863,0.6918918918918919,0.8108108108108107,1.224324324324324,0.6708108108108108,False,True,True,True
301608,博实结,2024-08-01,44.5,23.98,ChiNext,3,88.88,94.0,83.3,71.9,108.0,71.51,0.9973033707865167,1.1123595505617976,0.8719101123595505,0.6157303370786518,1.4269662921348316,0.6069662921348316,False,True,True,True
603391,力聚热能,2024-07-31,40.0,15.56,Main,3,62.0,60.0,52.98,49.04,65.99,48.9,0.55,0.5,0.3245,0.22599999999999998,0.6497499999999998,0.22249999999999992,False,True,True,True
301606,绿联科技,2024-07-26,21.21,24.0,ChiNext,3,40.0,45.55,36.45,42.0,48.88,34.02,0.8859028760018859,1.1475719000471472,0.7185289957567187,0.9801980198019802,1.3045733144743048,0.603960396039604,False,True,True,True
301552,科力装备,2024-07-22,30.0,15.08,ChiNext,3,70.22,69.2,69.2,59.84,83.08,59.5,1.3406666666666665,1.3066666666666666,1.3066666666666666,0.9946666666666668,1.7693333333333334,0.9833333333333334,False,True,True,True
301603,乔锋智能,2024-07-10,26.5,19.96,ChiNext,3,58.88,54.0,52.0,46.24,64.8,46.19,1.2218867924528305,1.0377358490566038,0.9622641509433962,0.7449056603773585,1.4452830188679244,0.7430188679245282,False,True,True,True
603285,键邦股份,2024-07-05,18.65,16.43,Main,3,39.4,43.5,34.95,32.26,45.0,30.16,1.1126005361930296,1.3324396782841825,0.8739946380697055,0.7297587131367294,1.412868632707775,0.6171581769436998,False,True,True,True
603350,安乃达,2024-07-03,20.56,18.02,Main,3,40.06,41.19,54.5,43.55,60.0,37.82,0.9484435797665371,1.0034046692607004,1.6507782101167319,1.1181906614785992,1.918287937743191,0.8394941634241246,False,True,True,True
301580,爱迪特,2024-06-26,44.95,25.49,ChiNext,3,99.99,84.02,79.46,77.2,100.0,76.26,1.2244716351501665,0.8691879866518353,0.7677419354838708,0.7174638487208009,1.2246941045606228,0.6965517241379311,False,True,True,True
603381,永臻股份,2024-06-26,23.35,15.06,Main,3,35.16,34.47,29.7,28.0,44.99,27.85,0.5057815845824409,0.47623126338329747,0.2719486081370448,0.1991434689507494,0.9267665952890791,0.19271948608137035,False,True,True,True
301565,中仑新材,2024-06-20,11.88,23.63,ChiNext,3,50.0,38.98,31.28,30.02,50.0,28.92,3.2087542087542085,2.2811447811447807,1.6329966329966328,1.5269360269360268,3.2087542087542085,1.4343434343434343,False,True,True,True
688692,达梦数据,2024-06-12,86.96,24.09,STAR,3,310.0,240.8,240.0,217.12,313.33,216.63,2.5648574057037723,1.7690892364305433,1.7598896044158234,1.4967801287948483,2.6031508739650415,1.4911453541858326,False,True,True,True
300784,利安科技,2024-06-07,28.3,22.4,ChiNext,3,100.18,127.0,95.8,90.49,180.0,87.93,2.5399293286219082,3.487632508833922,2.3851590106007063,2.197526501766784,5.360424028268551,2.1070671378091874,False,True,True,True
301392,汇成真空,2024-06-05,12.2,16.31,ChiNext,3,65.0,104.06,92.0,75.18,111.44,62.0,4.327868852459017,7.529508196721313,6.540983606557377,5.162295081967214,8.134426229508197,4.081967213114754,False,True,True,True
920002,万达轴承,2024-05-30,20.74,14.33,BSE,3,57.0,67.98,59.88,72.0,75.0,55.3,1.7483124397299905,2.277724204435873,1.8871745419479269,2.471552555448409,2.616200578592093,1.6663452266152365,False,True,True,True
301596,瑞迪智驱,2024-05-13,25.92,15.65,ChiNext,3,70.3,69.41,83.8,87.0,96.66,68.1,1.712191358024691,1.6778549382716048,2.2330246913580245,2.3564814814814814,2.729166666666666,1.6273148148148144,False,True,True,True
688530,欧莱新材,2024-05-09,9.6,41.44,STAR,3,26.51,25.87,22.85,22.45,27.27,22.22,1.7614583333333336,1.6947916666666667,1.3802083333333335,1.3385416666666665,1.8406250000000002,1.3145833333333332,False,True,True,True
301539,宏鑫科技,2024-04-15,10.64,25.0,ChiNext,3,40.0,35.98,33.5,33.69,43.99,31.11,2.7593984962406015,2.381578947368421,2.148496240601504,2.166353383458646,3.1343984962406015,1.9238721804511276,False,True,True,True
688691,灿芯股份,2024-04-11,19.86,25.12,STAR,3,55.0,49.7,51.45,47.56,56.88,47.41,1.7693856998992952,1.5025176233635449,1.5906344410876136,1.394763343403827,1.8640483383685802,1.3872104733131922,False,True,True,True
301587,中瑞股份,2024-04-08,21.73,18.79,ChiNext,3,40.14,37.75,36.83,38.15,42.66,34.4,0.8472158306488726,0.7372296364473079,0.6948918545789231,0.7556373676944315,0.9631845375057522,0.583064887252646,False,True,True,True
920931,无锡鼎邦,2024-04-08,6.2,14.58,BSE,3,13.0,10.2,9.07,9.37,13.87,8.95,1.096774193548387,0.6451612903225805,0.4629032258064516,0.5112903225806449,1.2370967741935481,0.443548387096774,False,True,True,True
001389,广合科技,2024-04-02,17.43,26.32,Main,3,50.0,51.88,50.44,46.97,58.1,46.06,1.8686173264486516,1.976477337923121,1.8938611589213998,1.6947791164658632,2.3333333333333335,1.642570281124498,False,True,True,True
920123,芭薇股份,2024-03-29,5.77,14.2,BSE,3,16.88,16.19,14.15,14.15,19.97,13.52,1.9254766031195842,1.8058925476603123,1.4523396880415946,1.4523396880415946,2.461005199306759,1.3431542461005201,False,True,True,True
001359,平安电工,2024-03-28,17.39,25.88,Main,3,31.0,33.11,28.52,28.31,34.98,28.0,0.7826336975273145,0.9039677975848188,0.6400230017251294,0.6279470960322022,1.011500862564692,0.6101207590569293,False,True,True,True
301536,星宸科技,2024-03-28,16.16,15.34,ChiNext,3,48.0,48.1,41.72,43.6,53.87,41.55,1.9702970297029703,1.9764851485148514,1.5816831683168315,1.6980198019801982,2.333539603960396,1.5711633663366333,False,True,True,True
920438,戈碧迦,2024-03-25,10.0,13.55,BSE,3,23.74,22.71,24.77,25.28,27.58,19.77,1.3739999999999997,1.271,1.4769999999999999,1.528,1.758,0.9769999999999999,False,True,True,True
301538,骏鼎达,2024-03-20,55.82,20.26,ChiNext,3,98.0,105.97,99.98,93.78,118.6,93.0,0.7556431386599785,0.898423504120387,0.791114295951272,0.6800429953421714,1.124686492296668,0.6660695091365103,False,True,True,True
603344,星德胜,2024-03-20,19.18,20.44,Main,3,35.0,35.0,39.05,34.79,41.99,33.54,0.8248175182481752,0.8248175182481752,1.0359749739311783,0.8138686131386861,1.1892596454640252,0.748696558915537,False,True,True,True
301588,美新科技,2024-03-13,14.5,20.9,ChiNext,3,38.0,37.39,34.9,34.91,40.1,33.8,1.6206896551724137,1.5786206896551724,1.4068965517241376,1.4075862068965517,1.7655172413793103,1.3310344827586205,False,True,True,True
688695,中创股份,2024-03-13,22.43,49.01,STAR,3,55.0,48.65,44.09,43.86,55.0,42.59,1.452073116362015,1.1689701292911279,0.9656709763709319,0.9554168524297815,1.452073116362015,0.8987962550156043,False,True,True,True
920706,铁拓机械,2024-03-08,6.69,10.92,BSE,3,15.0,16.06,14.03,14.1,20.0,13.87,1.2421524663677128,1.4005979073243644,1.0971599402092673,1.10762331838565,1.9895366218236172,1.0732436472346785,False,True,True,True
603341,龙旗科技,2024-03-01,26.0,24.13,Main,3,59.99,51.92,56.23,56.29,62.2,50.01,1.3073076923076923,0.996923076923077,1.1626923076923075,1.165,1.3923076923076922,0.9234615384615383,False,True,True,True
301591,肯特股份,2024-02-28,19.43,22.81,ChiNext,3,80.0,69.68,70.3,60.48,88.0,60.18,3.117344312918168,2.5862068965517246,2.61811631497684,2.112712300566135,3.5290787442099845,2.0972722593926916,False,True,True,True
301589,诺瓦星云,2024-02-08,126.89,21.93,ChiNext,3,333.0,384.0,438.99,439.0,449.0,333.0,1.624320277405627,2.0262432027740562,2.4596106864213096,2.4596894948380488,2.5384979115769566,1.624320277405627,False,True,True,True
688584,上海合晶,2024-02-08,22.66,42.05,STAR,3,19.77,21.23,20.67,20.34,22.66,17.8,-0.12753751103265665,-0.06310679611650483,-0.08781994704324791,-0.10238305383936452,0.0,-0.2144748455428067,True,False,False,False
688709,成都华微,2024-02-07,15.69,37.04,STAR,3,21.33,19.69,20.45,21.5,24.88,18.01,0.35946462715105154,0.25493945188017864,0.30337794773741233,0.37029955385595925,0.5857233906947099,0.14786488209050375,False,True,True,True
301502,华阳智能,2024-02-02,28.01,25.58,ChiNext,3,60.0,59.97,47.51,59.05,65.88,44.51,1.1420921099607284,1.1410210639057476,0.6961799357372365,1.1081756515530166,1.3520171367368792,0.5890753302392002,False,True,True,True
920656,海昇药业,2024-02-02,19.9,14.53,BSE,3,18.0,19.9,15.22,15.97,19.91,14.27,-0.09547738693467334,0.0,-0.2351758793969848,-0.19748743718592954,0.0005025125628141947,-0.28291457286432153,True,False,False,False
603082,北自科技,2024-01-30,21.28,28.19,Main,3,46.0,46.4,47.7,39.9,55.8,39.1,1.1616541353383458,1.1804511278195489,1.2415413533834587,0.8749999999999998,1.6221804511278193,0.8374060150375939,False,True,True,True
920496,许昌智能,2024-01-26,4.6,30.56,BSE,3,8.8,7.42,7.99,7.14,9.28,7.01,0.9130434782608698,0.6130434782608696,0.7369565217391305,0.5521739130434784,1.017391304347826,0.5239130434782608,False,True,True,True
301577,美信科技,2024-01-24,36.51,25.22,ChiNext,3,80.0,68.93,65.23,62.3,82.49,62.1,1.1911804984935634,0.8879758970145168,0.7866337989591894,0.7063818132018624,1.2593809915091754,0.7009038619556287,False,True,True,True
603375,盛景微,2024-01-24,38.18,22.27,Main,3,65.0,58.95,59.5,53.8,67.0,53.45,0.7024620220010478,0.5440020953378732,0.5584075432163436,0.4091147197485594,0.7548454688318491,0.39994761655316924,False,True,True,True
001379,腾达科技,2024-01-19,16.98,26.05,Main,3,28.0,24.23,25.11,23.63,28.82,22.22,0.6489988221436984,0.4269729093050647,0.478798586572438,0.3916372202591283,0.6972909305064783,0.30859835100117783,False,True,True,True
601033,永兴股份,2024-01-18,16.2,21.76,Main,3,22.29,22.21,19.31,17.54,24.52,17.31,0.375925925925926,0.3709876543209878,0.19197530864197532,0.08271604938271615,0.5135802469135804,0.06851851851851842,False,True,True,True
920403,康农种业,2024-01-18,11.2,16.95,BSE,3,19.62,17.97,16.79,15.48,20.79,15.33,0.7517857142857145,0.6044642857142857,0.49910714285714297,0.38214285714285734,0.85625,0.36875000000000013,False,True,True,True
301567,贝隆精密,2024-01-16,21.46,30.35,ChiNext,3,55.0,62.67,65.4,56.7,83.0,55.0,1.5629077353215282,1.9203168685927308,2.0475302889095994,1.6421248835041937,2.8676607642124883,1.5629077353215282,False,True,True,True
001387,雪祺电气,2024-01-11,15.38,22.53,Main,3,30.0,32.84,33.18,29.7,38.44,29.24,0.9505851755526658,1.1352405721716514,1.157347204161248,0.9310793237971391,1.499349804941482,0.9011703511053315,False,True,True,True
603312,西典新能,2024-01-11,29.02,30.55,Main,3,42.5,41.7,48.3,46.72,53.35,41.11,0.4645072363886975,0.4369400413507927,0.6643694004135079,0.6099241902136459,0.8383873190902826,0.41660923501033764,False,True,True,True
920806,云星宇,2024-01-11,4.63,22.11,BSE,3,9.8,12.33,10.43,10.69,14.74,9.8,1.1166306695464363,1.6630669546436287,1.2526997840172784,1.3088552915766738,2.1835853131749463,1.1166306695464363,False,True,True,True
603325,博隆技术,2024-01-10,72.46,20.78,Main,3,78.9,84.93,82.26,79.4,98.9,76.67,0.08887662158432263,0.1720949489373449,0.13524703284570805,0.0957769804029811,0.3648909743306654,0.058101021253105234,False,True,True,True
920690,捷众科技,2024-01-05,9.34,17.46,BSE,3,20.5,21.01,21.22,18.74,24.78,18.0,1.194860813704497,1.2494646680942187,1.2719486081370448,1.006423982869379,1.6531049250535332,0.9271948608137046,False,True,True,True
688717,艾罗能源,2024-01-03,55.66,7.95,STAR,3,98.0,87.93,92.41,85.61,100.03,83.68,0.7606899029823933,0.5797700323392025,0.6602587136183975,0.5380883938196193,0.7971613366870285,0.5034135824649661,False,True,True,True
301566,达利凯普,2023-12-29,8.9,20.99,ChiNext,3,30.0,28.99,30.71,26.7,34.58,26.58,2.3707865168539324,2.2573033707865164,2.450561797752809,2.0,2.885393258426966,1.9865168539325841,False,True,True,True
301578,辰奕智能,2023-12-28,48.94,26.5,ChiNext,3,80.0,79.93,77.2,73.0,95.88,72.51,0.6346546791990193,0.6332243563547202,0.5774417654270536,0.4916223947691052,0.9591336330200244,0.48161013485901116,False,True,True,True
920363,莱赛激光,2023-12-28,7.28,17.34,BSE,3,23.8,19.81,20.45,20.83,24.4,18.8,2.269230769230769,1.7211538461538458,1.8090659340659339,1.8612637362637359,2.3516483516483513,1.5824175824175826,False,True,True,True
603004,鼎龙科技,2023-12-27,16.8,26.37,Main,3,36.0,30.08,30.9,36.0,42.9,27.55,1.1428571428571428,0.7904761904761903,0.8392857142857142,1.1428571428571428,1.5535714285714284,0.6398809523809523,False,True,True,True
301526,国际复材,2023-12-26,2.66,10.21,ChiNext,3,8.14,6.62,5.46,5.55,8.35,5.27,2.0601503759398496,1.488721804511278,1.0526315789473681,1.0864661654135337,2.139097744360902,0.9812030075187967,False,True,True,True
601096,宏盛华源,2023-12-22,1.7,31.54,Main,3,5.6,7.49,5.88,5.91,9.9,5.27,2.2941176470588234,3.405882352941177,2.458823529411765,2.476470588235294,4.8235294117647065,2.0999999999999996,False,True,True,True
001358,兴欣新材,2023-12-21,41.0,17.43,Main,3,64.57,56.25,56.12,49.8,65.66,49.31,0.5748780487804876,0.37195121951219523,0.36878048780487793,0.21463414634146338,0.6014634146341462,0.20268292682926825,False,True,True,True
920061,西磁科技,2023-12-21,8.09,18.61,BSE,3,25.0,27.3,24.65,25.58,39.69,23.61,2.0902348578491967,2.3745364647713227,2.046971569839308,2.1619283065512978,3.9060568603213843,1.9184177997527811,False,True,True,True
603373,安邦护卫,2023-12-20,19.1,19.86,Main,3,45.5,46.2,41.68,38.6,53.99,38.48,1.3821989528795808,1.418848167539267,1.182198952879581,1.0209424083769632,1.826701570680628,1.0146596858638741,False,True,True,True
920284,灵鸽科技,2023-12-19,5.6,15.49,BSE,3,18.01,13.42,13.88,14.26,18.88,12.61,2.216071428571429,1.3964285714285714,1.4785714285714286,1.5464285714285717,2.3714285714285714,1.2517857142857145,False,True,True,True
301413,安培龙,2023-12-18,33.25,35.92,ChiNext,3,80.0,93.0,80.99,76.85,96.0,74.5,1.4060150375939848,1.7969924812030076,1.4357894736842103,1.3112781954887218,1.8872180451127818,1.2406015037593985,False,True,True,True
603231,索宝蛋白,2023-12-15,21.29,26.74,Main,3,30.0,28.46,24.61,27.19,35.3,23.51,0.40911225927665584,0.3367778299671209,0.15594175669328325,0.2771254109910757,0.6580554250821982,0.10427430718647268,False,True,True,True
920375,派诺科技,2023-12-14,11.52,16.81,BSE,3,22.0,24.68,24.09,23.3,31.49,21.56,0.9097222222222223,1.1423611111111112,1.0911458333333335,1.0225694444444446,1.7335069444444442,0.8715277777777777,False,True,True,True
301459,丰茂股份,2023-12-13,31.9,28.27,ChiNext,3,58.0,59.22,54.5,49.63,66.2,49.5,0.8181818181818183,0.8564263322884014,0.7084639498432603,0.5557993730407524,1.0752351097178687,0.5517241379310345,False,True,True,True
001239,永达股份,2023-12-12,12.05,35.64,Main,3,27.51,23.72,24.15,21.81,28.2,21.72,1.2829875518672198,0.9684647302904563,1.004149377593361,0.8099585062240662,1.3402489626556013,0.8024896265560164,False,True,True,True
920547,无锡晶海,2023-12-12,16.53,16.63,BSE,3,30.21,28.44,27.8,28.35,32.29,26.3,0.8275862068965516,0.7205081669691469,0.6817906836055656,0.7150635208711433,0.953418027828191,0.5910465819721717,False,True,True,True
301516,中远通,2023-12-08,6.87,20.53,ChiNext,3,30.3,28.6,26.01,23.87,36.76,23.54,3.4104803493449785,3.163027656477438,2.7860262008733625,2.4745269286754006,4.35080058224163,2.4264919941775833,False,True,True,True
688720,艾森股份,2023-12-06,28.03,171.51,STAR,3,60.0,61.2,58.5,60.09,66.8,55.18,1.1405636817695326,1.1833749554049233,1.0870495897252943,1.1437745272921869,1.383160899036746,0.9686050660007135,False,True,True,True
601083,锦江航运,2023-12-05,11.25,8.24,Main,3,16.73,17.84,15.84,14.67,19.58,14.51,0.48711111111111105,0.5857777777777777,0.4079999999999999,0.30400000000000005,0.7404444444444442,0.2897777777777777,False,True,True,True
920703,广厦环能,2023-12-05,23.45,14.42,BSE,3,34.0,41.89,39.09,37.55,51.68,34.0,0.4498933901918978,0.7863539445629,0.6669509594882732,0.601279317697228,1.2038379530916843,0.4498933901918978,False,True,True,True
301508,中机认检,2023-12-01,16.82,37.39,ChiNext,3,40.0,49.07,47.44,41.78,63.98,37.67,1.3781212841854935,1.9173602853745542,1.8204518430439949,1.483947681331748,2.8038049940546967,1.2395957193816884,False,True,True,True
920579,机科股份,2023-11-30,8.0,25.7,BSE,3,25.0,20.7,17.77,20.33,28.5,17.55,2.125,1.5875,1.22125,1.5412499999999998,2.5625,1.19375,False,True,True,True
688652,京仪装备,2023-11-29,31.95,65.44,STAR,3,60.12,55.78,50.15,50.55,62.0,49.3,0.8816901408450704,0.7458528951486698,0.5696400625978091,0.5821596244131455,0.9405320813771518,0.5430359937402189,False,True,True,True
301568,思泰克,2023-11-28,23.23,22.03,ChiNext,3,72.0,66.78,68.28,58.5,75.0,57.9,2.0994403788204905,1.874730951356005,1.9393026259147654,1.5182953077916488,2.228583727938011,1.4924666379681444,False,True,True,True
920570,坤博精工,2023-11-23,19.48,19.2,BSE,3,68.0,67.1,60.0,66.41,87.99,56.0,2.490759753593429,2.4445585215605745,2.080082135523614,2.409137577002053,3.5169404517453797,1.8747433264887063,False,True,True,True
688653,康希通信,2023-11-17,10.5,441.18,STAR,3,26.0,26.39,28.3,25.3,29.26,24.0,1.4761904761904763,1.5133333333333332,1.6952380952380954,1.4095238095238094,1.7866666666666666,1.2857142857142856,False,True,True,True
001306,夏厦精密,2023-11-16,53.63,44.89,Main,3,104.0,110.49,101.4,118.01,128.99,98.0,0.9392131269811672,1.060227484616819,0.890732798806638,1.2004475107216108,1.4051836658586612,0.8273354465784075,False,True,True,True
920132,泰鹏智能,2023-11-16,8.8,11.81,BSE,3,26.66,17.5,15.86,15.45,28.56,14.85,2.0295454545454543,0.9886363636363635,0.802272727272727,0.7556818181818179,2.245454545454545,0.6874999999999998,False,True,True,True
920522,纳科诺尔,2023-11-16,15.0,12.92,BSE,3,21.0,17.6,18.33,18.7,22.5,17.48,0.3999999999999999,0.17333333333333334,0.22199999999999998,0.2466666666666666,0.5,0.16533333333333333,False,True,True,True
688648,中邮科技,2023-11-13,15.18,28.94,STAR,3,38.0,35.22,34.47,36.43,41.83,33.3,1.5032938076416338,1.3201581027667983,1.2707509881422925,1.3998682476943345,1.7555994729907773,1.193675889328063,False,True,True,True
920679,前进科技,2023-11-10,13.99,15.63,BSE,3,20.5,21.98,20.4,23.49,32.0,18.5,0.4653323802716225,0.5711222301644032,0.4581844174410292,0.6790564689063616,1.28734810578985,0.3223731236597569,False,True,True,True
001326,联域股份,2023-11-09,41.18,22.63,Main,3,75.01,64.65,74.45,76.7,90.0,59.6,0.821515298688684,0.5699368625546384,0.8079164643030599,0.8625546381738709,1.1855269548324427,0.4473045167557066,False,True,True,True
920833,美心翼申,2023-11-08,10.0,16.33,BSE,3,16.51,16.66,13.04,13.1,20.18,12.45,0.6510000000000002,0.6659999999999999,0.3039999999999998,0.31000000000000005,1.0179999999999998,0.24499999999999988,False,True,True,True
603062,麦加芯彩,2023-11-07,58.08,26.28,Main,3,80.0,74.78,65.07,64.45,93.0,62.22,0.3774104683195594,0.28753443526170797,0.1203512396694213,0.10967630853994503,0.6012396694214877,0.07128099173553726,False,True,True,True
001376,百通能源,2023-11-03,4.56,20.99,Main,3,38.0,38.9,34.99,31.82,49.4,27.01,7.333333333333334,7.530701754385966,6.673245614035089,5.978070175438597,9.833333333333334,4.923245614035088,False,True,True,True
920130,立方控股,2023-11-02,7.69,17.15,BSE,3,12.22,16.0,12.81,11.32,22.86,11.15,0.5890767230169052,1.0806241872561766,0.6657997399219766,0.472041612483745,1.9726918075422626,0.44993498049414815,False,True,True,True
603107,上海汽配,2023-11-01,14.23,38.75,Main,3,40.02,39.99,38.98,34.44,50.0,34.38,1.8123682361208715,1.8102600140548137,1.7392832044975401,1.4202389318341528,2.5137034434293746,1.4160224877020382,False,True,True,True
920493,并行科技,2023-11-01,29.0,,BSE,3,60.07,44.0,48.79,49.7,64.97,42.5,1.0713793103448275,0.5172413793103448,0.6824137931034482,0.7137931034482761,1.240344827586207,0.4655172413793103,False,True,True,True
301555,惠柏新材,2023-10-31,22.88,33.63,ChiNext,3,69.0,68.3,62.04,64.01,84.0,58.5,2.015734265734266,1.98513986013986,1.7115384615384617,1.7976398601398604,2.6713286713286717,1.556818181818182,False,True,True,True
001378,德冠新材,2023-10-30,31.68,26.12,Main,3,62.0,75.98,74.85,62.79,99.5,62.0,0.9570707070707072,1.398358585858586,1.3626893939393936,0.9820075757575757,2.1407828282828283,0.9570707070707072,False,True,True,True
920693,阿为特,2023-10-27,6.36,18.35,BSE,3,15.0,70.49,49.35,34.55,86.0,15.0,1.3584905660377355,10.083333333333332,6.759433962264151,4.432389937106917,12.522012578616351,1.3584905660377355,False,True,True,True
301489,思泉新材,2023-10-24,41.66,46.6,ChiNext,3,71.0,70.15,80.57,81.0,100.78,62.53,0.7042726836293809,0.6838694191070573,0.9339894383101297,0.9443110897743641,1.4191070571291409,0.50096015362458,False,True,True,True
603273,天元智能,2023-10-23,9.5,29.94,Main,3,20.1,22.88,18.2,33.01,45.48,17.88,1.1157894736842109,1.4084210526315788,0.9157894736842105,2.474736842105263,3.787368421052631,0.8821052631578947,False,True,True,True
920026,卓兆点胶,2023-10-19,26.0,25.0,BSE,3,24.45,23.0,21.38,21.5,24.45,20.74,-0.059615384615384626,-0.11538461538461542,-0.1776923076923077,-0.17307692307692313,-0.059615384615384626,-0.2023076923076924,True,False,False,False
301517,陕西华达,2023-10-17,26.87,48.03,ChiNext,3,66.0,74.2,71.3,82.5,88.0,66.0,1.4562709341272795,1.7614439895794565,1.6535169333829547,2.070338667659099,2.2750279121697057,1.4562709341272795,False,True,True,True
603193,润本股份,2023-10-17,17.38,45.56,Main,3,22.0,22.08,18.4,18.19,26.68,17.66,0.26582278481012667,0.27042577675489055,0.05868814729574212,0.046605293440736606,0.5350978135788262,0.016110471806674465,False,True,True,True
920786,骑士乳业,2023-10-13,5.0,15.3,BSE,3,4.66,4.74,4.34,4.28,4.74,4.23,-0.06799999999999995,-0.051999999999999935,-0.132,-0.1439999999999999,-0.051999999999999935,-0.15399999999999991,True,False,False,False
301559,中集环科,2023-10-11,24.22,20.53,ChiNext,3,25.74,23.95,22.69,22.69,25.74,22.56,0.06275805119735756,-0.011147811725846446,-0.0631709331131296,-0.0631709331131296,0.06275805119735756,-0.06853839801816686,True,False,False,True
688657,浩辰软件,2023-10-10,103.4,77.77,STAR,3,90.88,88.89,89.26,85.76,94.0,84.92,-0.12108317214700204,-0.1403288201160542,-0.13675048355899422,-0.17059961315280459,-0.09090909090909094,-0.17872340425531918,True,False,False,False
301558,三态股份,2023-09-28,7.33,45.19,ChiNext,3,20.2,18.95,14.55,14.47,21.5,14.0,1.7557980900409276,1.5852660300136425,0.984993178717599,0.9740791268758526,1.933151432469304,0.9099590723055935,False,True,True,True
688719,爱科赛博,2023-09-28,69.98,88.78,STAR,3,69.9,65.57,67.12,60.3,75.39,60.06,-0.0011431837667904565,-0.0630180051443271,-0.04086881966276079,-0.138325235781652,0.07730780222920819,-0.1417547870820235,True,False,False,False
920978,开特股份,2023-09-28,7.37,18.8,BSE,3,7.44,7.37,7.87,7.99,8.1,7.26,0.009497964721845387,0.0,0.0678426051560379,0.08412483039348717,0.09905020352781535,-0.014925373134328401,False,True,False,True
920665,科强股份,2023-09-26,6.28,16.01,BSE,3,6.35,6.2,5.92,5.88,6.5,5.88,0.011146496815286566,-0.01273885350318471,-0.05732484076433131,-0.06369426751592366,0.03503184713375784,-0.06369426751592366,True,False,False,True
301520,万邦医药,2023-09-25,67.88,52.6,ChiNext,3,67.4,74.0,68.4,88.0,90.0,63.3,-0.007071302298173099,0.09015910430170893,0.007660577489687848,0.29640542133176195,0.32586918090748385,-0.06747200942840303,False,True,True,False
603276,恒兴新材,2023-09-25,25.73,44.35,Main,3,34.0,30.54,27.04,27.26,37.58,26.23,0.32141469102215314,0.18694131364166333,0.05091333074232418,0.05946366109599688,0.4605518849591914,0.019432568985619847,False,True,True,True
301500,飞南资源,2023-09-21,23.97,45.16,ChiNext,3,32.0,33.98,30.71,27.7,41.05,27.7,0.3350020859407594,0.4176053400083437,0.2811848143512725,0.15561118064246982,0.7125573633708802,0.15561118064246982,False,True,True,True
301548,崇德科技,2023-09-20,66.8,51.06,ChiNext,3,80.0,79.78,69.9,68.26,88.88,66.88,0.1976047904191618,0.19431137724550895,0.046407185628742686,0.02185628742514978,0.3305389221556887,0.0011976047904191933,False,True,True,True
688716,中研股份,2023-09-20,29.66,67.37,STAR,3,33.58,31.78,29.37,29.52,35.99,28.86,0.13216453135536077,0.0714767363452462,-0.009777478084962876,-0.004720161834120051,0.21341874578556985,-0.02697235333782877,True,False,True,True
920469,富恒新材,2023-09-18,5.68,14.44,BSE,3,6.38,6.04,5.72,5.99,6.95,5.48,0.12323943661971826,0.06338028169014098,0.007042253521126751,0.05457746478873249,0.22359154929577474,-0.035211267605633645,False,True,True,True
301550,斯菱股份,2023-09-15,37.56,33.71,ChiNext,3,55.0,55.08,49.03,50.94,62.88,48.0,0.46432374866879655,0.4664536741214056,0.3053780617678381,0.3562300319488816,0.6741214057507987,0.27795527156549515,False,True,True,True
920519,万德股份,2023-09-15,8.93,15.99,BSE,3,8.95,8.15,7.4,7.27,8.97,7.15,0.002239641657334701,-0.08734602463605812,-0.17133258678611418,-0.18589025755879063,0.004479283314669846,-0.1993281075027995,True,False,False,True
688702,盛科通信,2023-09-14,42.66,,STAR,3,66.55,62.5,57.8,53.69,72.0,52.0,0.5600093764650727,0.4650726676043133,0.35489920300046895,0.2585560243788092,0.6877637130801688,0.21894045944678875,False,True,True,True
301529,福赛科技,2023-09-11,36.6,38.33,ChiNext,3,68.0,64.26,59.0,63.06,73.5,56.56,0.8579234972677594,0.7557377049180329,0.6120218579234973,0.722950819672131,1.0081967213114753,0.5453551912568306,False,True,True,True
603075,热威股份,2023-09-11,23.1,39.05,Main,3,44.0,39.1,35.48,34.54,50.0,33.9,0.9047619047619047,0.6926406926406925,0.5359307359307357,0.49523809523809503,1.1645021645021645,0.46753246753246747,False,True,True,True
688549,中巨芯,2023-09-08,5.18,,STAR,3,15.12,14.61,11.85,11.9,15.55,11.22,1.9189189189189189,1.8204633204633205,1.2876447876447878,1.2972972972972974,2.0019305019305023,1.1660231660231664,False,True,True,True
920627,力王股份,2023-09-07,6.0,16.35,BSE,3,9.8,11.23,8.41,7.93,12.1,7.75,0.6333333333333335,0.8716666666666668,0.4016666666666666,0.32166666666666655,1.0166666666666666,0.29166666666666674,False,True,True,True
301251,威尔高,2023-09-06,28.88,46.27,ChiNext,3,63.0,68.32,66.99,62.51,73.97,62.26,1.1814404432132966,1.365650969529086,1.3195983379501386,1.164473684210526,1.5612880886426592,1.1558171745152355,False,True,True,True
301507,民生健康,2023-09-05,10.0,50.74,ChiNext,3,32.8,32.78,27.93,26.84,37.5,25.83,2.28,2.278,1.7930000000000001,1.6840000000000002,2.75,1.5829999999999997,False,True,True,True
603270,金帝股份,2023-09-01,21.77,41.68,Main,3,39.9,48.27,50.6,48.8,61.0,36.5,0.832797427652733,1.2172714745062012,1.324299494717501,1.241616903996325,1.8020211299954068,0.6766192007349563,False,True,True,True
920976,视声智能,2023-09-01,10.3,17.9,BSE,3,11.0,12.71,13.83,11.78,15.71,10.99,0.06796116504854366,0.23398058252427179,0.34271844660194173,0.14368932038834936,0.525242718446602,0.06699029126213585,False,True,True,True
301525,儒竞科技,2023-08-30,99.57,44.44,ChiNext,3,144.0,123.01,126.05,117.52,144.0,117.5,0.4462187405845135,0.23541227277292376,0.2659435572963744,0.18027518328813907,0.4462187405845135,0.18007431957416897,False,True,True,True
301528,多浦乐,2023-08-28,71.8,56.76,ChiNext,3,175.0,128.21,131.88,115.11,185.0,112.0,1.4373259052924792,0.7856545961002788,0.8367688022284123,0.6032033426183845,1.5766016713091924,0.5598885793871866,False,True,True,True
688591,泰凌微,2023-08-25,24.98,172.25,STAR,3,33.33,32.7,33.58,41.3,44.0,30.61,0.3342674139311448,0.30904723779023224,0.344275420336269,0.653322658126501,0.7614091273018415,0.2253803042433946,False,True,True,True
301421,波长光电,2023-08-23,29.38,60.67,ChiNext,3,60.0,52.29,63.8,53.92,70.43,50.0,1.0422055820285911,0.7797821647379171,1.1715452688904016,0.8352620830496937,1.397208985704561,0.7018379850238259,False,True,True,True
603275,众辰科技,2023-08-23,49.97,53.64,Main,3,62.44,64.57,56.05,49.0,81.17,48.97,0.2495497298379028,0.29217530518310975,0.1216730038022813,-0.019411646988192865,0.6243746247748649,-0.020012007204322613,True,False,True,True
920953,国子软件,2023-08-23,10.5,19.14,BSE,3,18.63,17.9,13.94,11.9,21.99,11.9,0.7742857142857142,0.7047619047619047,0.3276190476190475,0.1333333333333333,1.0942857142857143,0.1333333333333333,False,True,True,True
301469,恒达新材,2023-08-22,36.58,38.33,ChiNext,3,65.0,62.48,50.0,48.04,71.0,47.58,0.7769272826681248,0.7080371787862221,0.3668671405139421,0.3132859486057955,0.9409513395297977,0.3007107709130672,False,True,True,True
301418,协昌科技,2023-08-21,51.88,37.88,ChiNext,3,108.0,100.18,89.09,77.3,116.18,76.9,1.0817270624518116,0.9309946029298382,0.7172320740169622,0.4899768696993059,1.2393986121819585,0.4822667694680032,False,True,True,True
301533,威马农机,2023-08-18,29.5,44.05,ChiNext,3,66.0,75.5,76.99,65.15,85.8,61.5,1.2372881355932202,1.559322033898305,1.6098305084745763,1.2084745762711866,1.9084745762711863,1.0847457627118646,False,True,True,True
688693,锴威特,2023-08-18,40.83,60.69,STAR,3,80.0,85.5,73.87,65.89,96.99,65.09,0.9593436198873377,1.0940484937545922,0.8092089150134707,0.6137643889297086,1.3754592211609111,0.5941709527308354,False,True,True,True
920274,宏裕包材,2023-08-18,8.0,15.86,BSE,3,7.81,8.77,7.57,7.32,9.86,7.2,-0.02375000000000005,0.09624999999999995,-0.053749999999999964,-0.08499999999999996,0.23249999999999993,-0.09999999999999998,True,False,True,False
301511,德福科技,2023-08-17,28.0,28.17,ChiNext,3,46.8,43.84,47.71,43.26,56.0,41.51,0.6714285714285713,0.5657142857142858,0.7039285714285715,0.5449999999999999,1.0,0.48249999999999993,False,True,True,True
688573,信宇人,2023-08-17,23.68,46.18,STAR,3,42.0,41.7,57.2,52.5,67.66,36.76,0.7736486486486487,0.7609797297297298,1.4155405405405408,1.217060810810811,1.8572635135135136,0.5523648648648647,False,True,True,True
920504,博迅生物,2023-08-17,9.75,15.99,BSE,3,17.5,12.82,11.8,11.26,18.87,11.23,0.7948717948717949,0.31487179487179495,0.2102564102564104,0.1548717948717948,0.9353846153846155,0.15179487179487183,False,True,True,True
301498,乖宝宠物,2023-08-16,39.99,61.28,ChiNext,3,60.0,58.45,54.27,54.9,78.24,50.5,0.5003750937734432,0.4616154038509628,0.35708927231807963,0.37284321080270066,0.9564891222805698,0.2628157039259815,False,True,True,True
688592,司南导航,2023-08-16,50.5,143.58,STAR,3,70.3,64.46,77.86,79.0,93.0,58.99,0.392079207920792,0.27643564356435624,0.5417821782178218,0.5643564356435644,0.8415841584158417,0.16811881188118827,False,True,True,True
920748,路桥信息,2023-08-16,7.0,18.92,BSE,3,14.2,15.98,13.63,13.4,22.71,13.01,1.0285714285714285,1.282857142857143,0.9471428571428573,0.9142857142857144,2.244285714285714,0.8585714285714285,False,True,True,True
301510,固高科技,2023-08-15,12.0,110.8,ChiNext,3,75.0,68.0,59.38,61.73,96.18,56.5,5.25,4.666666666666667,3.9483333333333333,4.144166666666666,7.015000000000001,3.708333333333333,False,True,True,True
688548,广钢气体,2023-08-15,9.87,58.63,STAR,3,16.88,13.15,11.62,11.88,17.8,11.41,0.7102330293819656,0.33232016210739634,0.17730496453900702,0.20364741641337414,0.8034447821681867,0.15602836879432624,False,True,True,True
301372,科净源,2023-08-11,45.0,37.1,ChiNext,3,80.01,96.0,84.45,75.17,128.8,75.0,0.778,1.1333333333333333,0.8766666666666667,0.6704444444444444,1.8622222222222224,0.6666666666666667,False,True,True,True
301348,蓝箭电子,2023-08-10,18.08,55.29,ChiNext,3,52.0,55.58,58.38,52.77,84.24,51.5,1.8761061946902657,2.0741150442477876,2.2289823008849563,1.9186946902654873,3.65929203539823,1.8484513274336285,False,True,True,True
920058,华洋赛车,2023-08-10,16.5,16.98,BSE,3,16.3,20.62,18.37,16.61,32.19,15.99,-0.012121212121212088,0.24969696969696975,0.11333333333333329,0.006666666666666599,0.9509090909090907,-0.030909090909090886,False,True,True,False
300904,威力传动,2023-08-09,35.41,49.06,ChiNext,3,55.0,128.0,70.51,83.95,305.7,54.2,0.5532335498446768,2.6147980796385206,0.9912454109008757,1.3707992092629202,7.633154476136685,0.5306410618469362,False,True,True,True
301487,盟固利,2023-08-09,5.32,29.02,ChiNext,3,22.51,98.02,49.6,51.97,202.15,20.4,3.231203007518797,17.424812030075188,8.32330827067669,8.768796992481203,36.99812030075188,2.834586466165413,False,True,True,True
688671,碧兴物联,2023-08-09,36.12,52.85,STAR,3,39.0,70.0,45.1,45.89,179.0,38.48,0.07973421926910307,0.9379844961240311,0.2486157253599115,0.2704872646733112,3.9557032115171653,0.06533776301218164,False,True,True,True
603296,华勤技术,2023-08-08,80.8,31.32,Main,3,80.8,73.29,76.39,74.84,80.8,70.01,0.0,-0.09294554455445536,-0.05457920792079207,-0.07376237623762372,0.0,-0.133539603960396,True,False,False,False
920926,鸿智科技,2023-08-08,13.28,16.09,BSE,3,12.94,11.41,12.12,11.89,13.24,10.9,-0.025602409638554202,-0.14081325301204817,-0.08734939759036142,-0.10466867469879515,-0.0030120481927710108,-0.17921686746987942,True,False,False,False
688347,华虹公司,2023-08-07,52.0,34.71,STAR,3,58.88,53.06,53.39,52.98,59.88,51.01,0.13230769230769246,0.020384615384615445,0.026730769230769225,0.018846153846153735,0.15153846153846162,-0.01903846153846156,False,True,True,True
301362,民爆光电,2023-08-04,51.05,25.16,ChiNext,3,57.58,55.43,52.8,54.98,64.54,48.83,0.12791380999020574,0.08579823702252698,0.03428011753183147,0.07698334965719877,0.2642507345739473,-0.04348677766895204,False,True,True,True
301509,金凯生科,2023-08-03,56.56,31.73,ChiNext,3,68.5,72.52,63.9,63.85,80.0,60.14,0.21110325318246104,0.282178217821782,0.12977369165487973,0.12888967468175383,0.4144271570014144,0.06329561527581329,False,True,True,True
301518,长华化学,2023-08-03,25.75,44.47,ChiNext,3,34.0,34.82,32.43,38.58,40.98,30.02,0.3203883495145632,0.35223300970873783,0.2594174757281553,0.49825242718446594,0.5914563106796116,0.16582524271844656,False,True,True,True
301371,敷尔佳,2023-08-01,55.68,29.07,ChiNext,3,80.0,70.7,60.04,59.61,80.04,57.55,0.4367816091954022,0.2697557471264369,0.07830459770114939,0.0705818965517242,0.4375000000000002,0.03358477011494254,False,True,True,True
603119,浙江荣泰,2023-08-01,15.32,35.58,Main,3,28.88,35.37,35.84,31.27,37.54,26.38,0.8851174934725847,1.308746736292428,1.339425587467363,1.0411227154046996,1.450391644908616,0.7219321148825064,False,True,True,True
688646,逸飞激光,2023-07-28,46.8,65.4,STAR,3,48.0,56.5,53.47,48.67,62.0,48.0,0.025641025641025772,0.20726495726495742,0.14252136752136746,0.03995726495726504,0.32478632478632496,0.025641025641025772,False,True,True,True
301519,舜禹股份,2023-07-27,20.93,38.2,ChiNext,3,28.0,34.11,35.0,38.7,39.5,27.0,0.3377926421404682,0.6297181079789775,0.6722408026755853,0.8490205446727188,0.8872431915910177,0.2900143334925944,False,True,True,True
301172,君逸数码,2023-07-26,31.33,54.65,ChiNext,3,48.0,42.2,45.61,49.62,54.57,42.15,0.5320778806255986,0.34695180338333875,0.4557931694861157,0.5837855090967123,0.7417810405362273,0.34535588892435376,False,True,True,True
688612,威迈斯,2023-07-26,47.29,73.98,STAR,3,60.0,49.63,53.65,52.0,62.0,48.25,0.26876718122224563,0.04948192006766772,0.13448932120955814,0.09959822372594629,0.31105942059632063,0.020300274899555992,False,True,True,True
688651,盛邦安全,2023-07-26,39.9,70.83,STAR,3,56.66,55.0,52.0,53.18,62.0,50.11,0.4200501253132831,0.3784461152882206,0.30325814536340867,0.33283208020050137,0.5538847117794488,0.25588972431077694,False,True,True,True
301446,福事特,2023-07-25,31.89,31.36,ChiNext,3,43.0,40.58,37.83,37.18,45.0,35.66,0.34838507369081206,0.27249921605518956,0.1862652869238004,0.1658827218563812,0.4111006585136405,0.11821887739103154,False,True,True,True
301515,港通医疗,2023-07-25,31.16,44.25,ChiNext,3,37.0,41.14,42.33,43.2,48.0,36.66,0.18741976893453138,0.3202824133504494,0.35847240051347873,0.386392811296534,0.5404364569961488,0.17650834403080862,False,True,True,True
301468,博盈特焊,2023-07-24,47.58,54.12,ChiNext,3,39.99,40.1,40.1,38.2,42.65,38.01,-0.15952080706179061,-0.15720891130727188,-0.15720891130727188,-0.19714165615804946,-0.10361496427070194,-0.20113493064312737,True,False,False,False
688450,光格科技,2023-07-24,53.09,52.21,STAR,3,48.0,45.82,49.35,47.51,52.88,45.78,-0.0958749293652289,-0.13693727632322472,-0.07044641175362598,-0.10510453946129228,-0.003955547184027131,-0.1376907138820871,True,False,False,False
301499,维科精密,2023-07-21,19.5,44.17,ChiNext,3,40.0,35.28,31.9,34.26,42.08,29.9,1.051282051282051,0.8092307692307692,0.6358974358974359,0.7569230769230768,1.157948717948718,0.5333333333333332,False,True,True,True
301512,智信精密,2023-07-20,39.66,27.51,ChiNext,3,72.0,86.01,88.09,72.18,93.6,71.88,0.8154311649016643,1.1686838124054466,1.221129601613717,0.8199697428139185,1.3600605143721634,0.8124054462934946,False,True,True,True
688602,康鹏科技,2023-07-20,8.66,26.92,STAR,3,13.51,12.0,10.96,11.28,14.1,10.82,0.5600461893764435,0.3856812933025404,0.2655889145496537,0.30254041570438783,0.628175519630485,0.2494226327944573,False,True,True,True
920982,锦波生物,2023-07-20,49.0,32.8,BSE,3,117.0,127.25,127.8,131.9,142.8,115.0,1.3877551020408165,1.5969387755102042,1.6081632653061222,1.6918367346938776,1.9142857142857146,1.3469387755102042,False,True,True,True
301505,苏州规划,2023-07-19,26.35,29.98,ChiNext,3,37.0,38.99,37.17,42.47,46.25,35.08,0.40417457305502835,0.47969639468690706,0.4106261859582543,0.6117647058823528,0.7552182163187855,0.33130929791271324,False,True,True,True
688563,航材股份,2023-07-19,78.99,80.34,STAR,3,70.0,63.64,61.18,60.03,70.0,59.7,-0.11381187492087597,-0.19432839599949359,-0.22547157868084566,-0.24003038359285978,-0.11381187492087597,-0.2442081276110899,True,False,False,False
688610,埃科光电,2023-07-19,73.33,85.36,STAR,3,70.0,70.34,70.1,64.82,74.01,62.01,-0.04541115505250237,-0.0407745806627573,-0.04404745670257748,-0.11605072957861728,0.009273148779490148,-0.15437065321150967,True,False,False,False
920701,豪声电子,2023-07-19,8.8,14.99,BSE,3,8.6,10.39,9.96,8.88,12.98,8.27,-0.022727272727272818,0.18068181818181817,0.13181818181818183,0.009090909090909038,0.47499999999999987,-0.06022727272727291,False,True,True,False
688627,精智达,2023-07-18,46.77,83.35,STAR,3,66.1,76.6,83.48,79.5,87.6,66.0,0.4132991233696812,0.6378020098353643,0.7849048535385932,0.6998075689544578,0.8729955099422704,0.4111610006414368,False,True,True,True
301329,信音电子,2023-07-17,21.0,37.06,ChiNext,3,31.0,28.51,23.54,23.2,32.0,22.62,0.4761904761904763,0.3576190476190477,0.12095238095238092,0.10476190476190483,0.5238095238095237,0.07714285714285718,False,True,True,True
301503,智迪科技,2023-07-17,31.59,34.38,ChiNext,3,45.0,39.07,33.14,33.84,46.0,32.8,0.4245014245014245,0.23678379233934788,0.04906616017727128,0.07122507122507127,0.4561570117125673,0.03830326052548272,False,True,True,True
920751,惠同新材,2023-07-17,5.8,17.55,BSE,3,8.1,7.81,8.95,8.35,9.35,7.08,0.39655172413793105,0.346551724137931,0.5431034482758621,0.43965517241379315,0.6120689655172413,0.2206896551724138,False,True,True,True
301456,盘古智能,2023-07-14,37.96,56.64,ChiNext,3,51.0,50.48,41.61,38.68,58.88,38.57,0.34351949420442573,0.3298208640674394,0.09615384615384603,0.018967334035827177,0.5511064278187565,0.01606954689146467,False,True,True,True
301272,英华特,2023-07-13,51.39,45.19,ChiNext,3,80.0,85.39,81.97,70.88,99.66,70.6,0.5567230978789648,0.6616073165985601,0.5950574041642342,0.3792566647207627,0.9392877991827202,0.37380813387818623,False,True,True,True
301370,国科恒泰,2023-07-12,13.39,53.82,ChiNext,3,20.05,26.08,21.55,20.18,26.08,19.25,0.4973861090365945,0.9477221807318892,0.6094100074682598,0.507094846900672,0.9477221807318892,0.4376400298730396,False,True,True,True
301381,赛维时代,2023-07-12,20.45,47.4,ChiNext,3,30.18,43.99,41.23,41.0,47.5,29.55,0.47579462102689485,1.1511002444987777,1.0161369193154033,1.0048899755501224,1.3227383863080684,0.44498777506112486,False,True,True,True
301393,昊帆生物,2023-07-12,67.68,57.38,ChiNext,3,110.01,103.09,104.0,96.7,118.88,95.0,0.6254432624113475,0.5231973995271866,0.5366430260047279,0.4287825059101653,0.7565011820330967,0.4036643026004727,False,True,True,True
688638,誉辰智能,2023-07-12,83.9,51.11,STAR,3,82.0,77.35,75.23,74.22,84.2,73.91,-0.022646007151370773,-0.07806912991656745,-0.10333730631704408,-0.11537544696066748,0.0035756853396899935,-0.11907032181168065,True,False,False,False
920576,天力复合,2023-07-12,9.35,17.18,BSE,3,15.47,18.03,15.74,18.9,19.68,14.73,0.6545454545454548,0.9283422459893049,0.6834224598930483,1.0213903743315509,1.104812834224599,0.5754010695187166,False,True,True,True
301261,恒工精密,2023-07-10,36.9,34.46,ChiNext,3,42.88,50.0,59.29,56.37,65.48,42.1,0.16205962059620616,0.3550135501355014,0.6067750677506776,0.5276422764227642,0.7745257452574528,0.14092140921409224,False,True,True,True
688603,天承科技,2023-07-10,55.0,59.61,STAR,3,87.3,87.11,91.19,92.3,99.9,77.0,0.5872727272727272,0.5838181818181818,0.6579999999999999,0.6781818181818182,0.8163636363636364,0.3999999999999999,False,True,True,True
920592,华信永道,2023-07-10,10.38,18.48,BSE,3,14.8,12.8,12.18,10.95,15.43,10.82,0.4258188824662812,0.23314065510597293,0.17341040462427726,0.054913294797687806,0.4865125240847783,0.042389210019267765,False,True,True,True
301292,海科新源,2023-07-07,19.99,16.23,ChiNext,3,29.69,29.7,27.15,28.24,32.77,25.8,0.48524262131065554,0.4857428714357179,0.3581790895447725,0.41270635317658844,0.6393196598299153,0.2906453226613308,False,True,True,True
301486,致尚科技,2023-07-07,57.66,63.29,ChiNext,3,69.0,63.2,59.83,61.13,70.3,57.8,0.1966701352757545,0.09608047173083611,0.037634408602150504,0.060180367672563406,0.21921609434616718,0.0024280263614291364,False,True,True,True
301202,朗威股份,2023-07-05,25.82,63.45,ChiNext,3,45.0,42.93,44.12,38.62,50.0,38.58,0.7428350116189,0.6626646010844306,0.7087529047250192,0.49573973663826476,0.9364833462432223,0.4941905499612702,False,True,True,True
301488,豪恩汽电,2023-07-04,39.78,42.7,ChiNext,3,65.01,90.01,79.61,94.68,101.3,64.0,0.6342383107088991,1.2626948215183509,1.001256913021619,1.3800904977375565,1.5465057817998993,0.6088486676721971,False,True,True,True
301395,仁信新材,2023-07-03,26.68,44.08,ChiNext,3,25.0,24.49,23.82,23.35,26.0,23.26,-0.06296851574212892,-0.08208395802098956,-0.1071964017991004,-0.12481259370314834,-0.025487256371814038,-0.1281859070464767,True,False,False,False
920717,瑞星股份,2023-07-03,5.07,16.49,BSE,3,5.12,4.97,4.74,4.92,5.46,4.5,0.009861932938856066,-0.019723865877712132,-0.0650887573964497,-0.029585798816568087,0.07692307692307687,-0.1124260355029586,True,False,False,True
301210,金杨股份,2023-06-30,57.88,54.3,ChiNext,3,50.01,51.33,50.46,50.3,55.85,48.02,-0.13597097442985495,-0.11316516931582588,-0.1281962681409814,-0.13096060815480315,-0.03507256392536284,-0.1703524533517623,True,False,False,False
301291,明阳电气,2023-06-30,38.13,46.36,ChiNext,3,35.32,32.6,32.21,32.06,35.32,31.32,-0.0736952530815631,-0.14503015997901914,-0.15525832677681617,-0.15919223708366115,-0.0736952530815631,-0.17859952793076328,True,False,False,False
688582,芯动联科,2023-06-30,26.74,99.96,STAR,3,51.0,46.85,48.2,48.5,53.48,44.2,0.9072550486163053,0.7520568436798805,0.8025430067314887,0.8137621540762903,1.0,0.6529543754674647,False,True,True,True
920175,东方碳素,2023-06-30,12.6,15.48,BSE,3,10.75,9.87,9.41,9.43,10.75,9.32,-0.14682539682539675,-0.21666666666666667,-0.25317460317460316,-0.2515873015873016,-0.14682539682539675,-0.2603174603174603,True,False,False,False
688429,时创能源,2023-06-29,19.2,28.92,STAR,3,29.99,31.47,28.95,28.5,33.5,27.9,0.5619791666666667,0.6390625000000001,0.5078125,0.484375,0.7447916666666667,0.453125,False,True,True,True
920208,青矩技术,2023-06-29,34.75,16.0,BSE,3,36.8,34.25,30.08,30.1,36.8,29.88,0.05899280575539567,-0.014388489208633115,-0.1343884892086331,-0.13381294964028778,0.05899280575539567,-0.1401438848920864,True,False,False,True
