13:17,361.53,21,1
13:17,361.53,23,1
13:17,361.51,22,0
13:17,361.45,41,1
13:17,361.38,17,1
13:17,361.38,7,0
13:17,361.38,8,0
13:17,361.34,16,1
13:17,361.38,42,0
13:17,361.07,87,1
13:17,360.89,52,1
13:18,361.23,21,0
13:18,360.8,126,1
13:18,361.32,114,0
13:18,361.23,173,0
13:18,361.23,43,1
13:18,361.32,12,1
13:18,361.28,46,1
13:18,361.27,19,1
13:18,361.38,21,0
13:18,361.34,11,1
13:18,361.38,16,0
13:18,361.29,28,1
13:18,361.28,20,1
13:18,361.38,12,0
13:18,361.3,15,1
13:18,361.32,18,1
13:18,361.4,28,0
13:18,361.36,38,1
13:18,361.4,17,0
13:18,361.47,29,0
13:18,361.5,9,1
13:19,361.49,17,1
13:19,361.58,26,0
13:19,361.53,45,1
13:19,361.61,10,1
13:19,361.77,30,0
13:19,361.79,31,0
13:19,361.8,26,0
13:19,361.79,67,1
13:19,361.83,51,2
13:19,361.79,34,1
13:19,362.02,92,0
13:19,362.2,35,0
13:19,362.43,10,0
13:19,362.53,46,0
13:19,362.5,29,1
13:19,362.5,17,1
13:19,362.76,23,1
13:19,362.65,29,1
13:19,362.66,34,1
13:19,362.65,39,1
13:20,362.41,92,1
13:20,362.11,37,1
13:20,361.86,64,1
13:20,361.41,37,1
13:20,361.31,50,1
13:20,361.31,75,1
13:20,361.25,35,1
13:20,361.3,10,0
13:20,361.25,9,1
13:20,361.25,22,0
13:20,361.37,34,0
13:20,361.24,45,1
13:20,361.25,28,1
13:20,361.57,50,0
13:20,361.7,27,0
13:20,362.21,86,0
13:20,361.51,26,1
13:20,361.39,15,1
13:20,361.27,35,1
13:20,361.18,35,1
13:21,361.0,28,1
13:21,361.02,65,1
13:21,361.39,88,0
13:21,361.48,91,0
13:21,361.49,10,0
13:21,361.48,31,0
13:21,361.5,20,1
13:21,361.57,13,0
13:21,361.41,36,1
13:21,361.48,20,0
13:21,361.4,12,1
13:21,361.5,16,1
13:21,361.5,10,1
13:21,361.48,13,1
13:21,361.51,19,0
13:21,361.48,15,1
13:21,361.5,22,0
13:21,361.29,73,1
13:21,361.27,46,0
13:22,361.78,127,0
13:22,361.54,29,1
13:22,361.9,24,0
13:22,361.82,10,0
13:22,361.9,7,0
13:22,362.78,163,0
13:22,362.8,48,0
13:22,363.0,53,0
13:22,362.99,25,0
13:22,362.93,26,1
13:22,362.79,78,1
13:22,362.53,22,1
13:22,362.28,45,1
13:22,362.68,14,0
13:22,362.25,8,1
13:22,362.28,8,1
13:22,362.28,34,1
13:22,362.25,13,1
13:22,362.28,29,0
13:22,362.28,28,0
13:23,362.27,18,0
13:23,362.25,29,0
13:23,362.16,64,1
13:23,362.17,32,0
13:23,362.09,23,1
13:23,362.01,72,1
13:23,361.9,83,1
13:23,361.75,41,1
13:23,361.51,31,1
13:23,361.5,16,0
13:23,361.29,17,1
13:23,361.29,67,0
13:23,361.2,96,1
13:23,361.22,27,1
13:23,361.03,33,1
13:23,361.02,19,1
13:23,360.82,126,1
13:23,360.8,49,1
13:23,360.81,15,0
13:23,360.8,38,2
13:24,361.0,59,0
13:24,361.03,36,0
13:24,361.01,22,2
13:24,361.0,44,1
13:24,361.01,61,1
13:24,361.2,49,0
13:24,361.52,67,0
13:24,361.0,66,1
13:24,360.94,12,1
13:24,360.94,19,1
13:24,361.11,39,0
13:24,361.02,35,1
13:24,361.19,39,0
13:24,360.99,12,0
13:24,360.99,12,1
13:24,361.19,18,0
13:24,360.99,197,1
13:24,361.0,104,1
13:24,360.99,34,1
13:24,360.99,15,1
13:25,360.99,14,0
13:25,361.0,82,0
13:25,361.02,58,1
13:25,361.18,13,1
13:25,361.33,42,0
13:25,361.0,17,1
13:25,361.0,13,1
13:25,361.0,15,1
13:25,360.96,238,1
13:25,360.97,36,2
13:25,361.5,46,0
13:25,360.95,41,1
13:25,360.93,16,1
13:25,360.94,6,1
13:25,360.91,24,1
13:25,360.86,22,1
13:25,360.88,42,2
13:25,360.81,14,1
13:25,360.8,57,1
13:25,360.8,39,1
13:26,360.85,21,0
13:26,360.68,58,1
13:26,360.66,36,1
13:26,360.67,52,0
13:26,360.81,37,0
13:26,360.84,48,0
13:26,361.02,97,0
13:26,360.97,40,1
13:26,361.45,40,0
13:26,361.45,21,1
13:26,361.02,19,1
13:26,361.35,25,0
13:26,361.41,6,0
13:26,361.02,16,1
13:26,361.03,20,1
13:26,361.3,18,0
13:26,361.03,10,1
13:26,361.37,28,0
13:26,361.31,79,1
13:26,362.0,121,0
13:27,361.73,14,1
13:27,361.99,32,0
13:27,361.72,57,1
13:27,361.72,5,0
13:27,361.61,21,1
13:27,361.72,10,0
13:27,361.52,21,1
13:27,361.59,54,0
13:27,361.3,122,1
13:27,361.3,10,1
13:27,361.03,20,1
13:27,361.27,23,0
13:27,361.02,14,1
13:27,360.96,47,1
13:27,360.96,6,0
13:27,361.02,24,0
13:27,360.97,17,1
13:27,361.01,67,0
13:27,360.94,31,1
13:27,361.08,36,0
13:28,361.3,21,0
13:28,361.07,31,1
13:28,361.08,13,1
13:28,361.58,47,0
13:28,361.58,49,1
13:28,361.59,7,1
13:28,361.58,11,1
13:28,361.54,9,1
13:28,361.48,44,1
13:28,361.5,11,0
13:28,361.3,6,1
13:28,361.48,40,0
13:28,361.48,16,0
13:28,361.48,9,0
13:28,361.4,19,0
13:28,361.29,2,1
13:28,361.21,56,1
13:28,361.28,20,1
13:28,361.31,4,1
13:28,361.28,13,1
13:29,361.2,30,1
13:29,361.07,11,1
13:29,361.19,13,0
13:29,361.0,40,1
13:29,361.0,27,1
13:29,361.0,18,1
13:29,361.0,15,1
13:29,361.14,58,0
13:29,361.16,82,0
13:29,361.0,49,1
13:29,361.0,30,1
13:29,361.07,40,1
13:29,361.0,57,1
13:29,360.66,115,1
13:29,360.55,85,1
13:29,360.63,155,0
13:29,360.6,141,1
13:29,361.07,21,0
13:29,361.07,92,1
13:29,361.11,21,0
13:29,361.11,9,1
13:30,361.4,32,0
13:30,361.58,35,0
13:30,361.61,43,0
13:30,361.68,6,0
13:30,361.73,197,0
13:30,361.82,72,1
13:30,361.99,103,0
13:30,362.07,67,0
13:30,362.07,25,0
13:30,362.06,20,1
13:30,362.1,8,0
13:30,362.3,22,0
13:30,362.39,30,0
13:30,362.4,18,1
13:30,362.27,78,1
13:30,362.63,83,0
13:30,362.25,20,1
13:30,362.59,56,0
13:30,362.28,30,1
13:31,362.28,24,0
13:31,362.36,19,1
13:31,362.5,5,0
13:31,362.66,81,0
13:31,362.88,28,0
13:31,362.98,8,0
13:31,362.96,29,1
13:31,362.41,111,1
13:31,362.25,150,1
13:31,362.66,25,0
13:31,362.6,31,0
13:31,362.66,19,0
13:31,362.34,18,1
13:31,362.9,50,0
13:31,362.62,18,1
13:31,362.66,17,1
13:31,362.68,13,1
13:31,362.9,8,0
13:31,362.65,72,1
13:31,362.75,50,0
13:32,362.68,21,0
13:32,362.68,32,0
13:32,362.88,6,0
13:32,362.57,210,1
13:32,362.88,53,0
13:32,363.0,121,0
13:32,362.87,29,1
13:32,362.57,51,1
13:32,362.8,18,0
13:32,362.57,73,0
13:32,362.82,11,0
13:32,362.59,209,1
13:32,362.82,15,0
13:32,362.82,18,1
13:32,362.82,22,1
13:32,362.79,13,1
13:32,362.82,45,0
13:32,362.81,19,1
13:32,362.82,4,1
13:32,362.79,27,1
13:33,362.8,6,1
13:33,362.79,23,1
13:33,362.79,45,1
13:33,362.61,231,1
13:33,362.61,18,1
13:33,362.6,52,1
13:33,362.6,9,1
13:33,362.5,13,1
13:33,362.58,14,0
13:33,362.57,56,0
13:33,362.5,11,1
13:33,362.5,17,0
13:33,362.46,10,0
13:33,362.57,63,0
13:33,362.39,49,1
13:33,362.39,24,1
13:33,362.58,203,1
13:33,362.57,31,0
13:33,362.25,14,1
13:33,362.26,36,1
13:33,362.26,6,1
13:34,362.3,107,2
13:34,362.25,73,1
13:34,362.02,38,1
13:34,362.06,28,1
13:34,362.06,23,1
13:34,362.01,17,1
13:34,362.06,17,0
13:34,362.01,11,2
13:34,362.26,52,0
13:34,362.45,63,0
13:34,362.45,18,1
13:34,362.44,7,1
13:34,362.45,25,1
13:34,362.34,10,1
13:34,362.34,23,1
13:34,362.02,25,1
13:34,362.0,195,1
13:34,362.0,82,1
13:34,361.92,109,1
13:35,362.31,182,0
13:35,362.45,148,0
13:35,362.5,36,0
13:35,363.3,301,0
13:35,363.29,75,0
13:35,363.87,86,0
13:35,364.0,77,0
13:35,364.0,29,0
13:35,364.0,25,0
13:35,364.26,27,0
13:35,364.15,21,1
13:35,364.25,23,0
13:35,364.31,52,0
13:35,364.33,21,0
13:35,364.36,19,0
13:35,364.36,12,0
13:35,364.44,53,0
13:35,364.44,36,1
13:35,364.44,31,1
13:35,364.45,28,1
13:36,364.45,33,0
13:36,364.4,86,1
13:36,364.42,45,1
13:36,364.25,66,1
13:36,364.14,36,1
13:36,364.15,18,0
13:36,364.81,201,0
13:36,364.9,21,0
13:36,364.99,619,0
13:36,365.0,88,0
13:36,365.03,100,0
13:36,365.06,19,0
13:36,365.06,116,0
13:36,365.06,37,1
13:36,364.69,91,1
13:36,363.97,49,1
13:36,363.94,22,0
13:36,363.94,41,1
13:36,364.04,33,0
13:36,364.14,21,0
13:36,364.14,50,1
13:37,364.15,19,1
13:37,364.14,39,1
13:37,363.95,28,1
13:37,363.28,52,1
13:37,363.0,43,1
13:37,363.0,29,0
13:37,362.81,12,1
13:37,362.42,34,1
13:37,362.95,25,0
13:37,362.02,19,1
13:37,362.02,31,1
13:37,362.02,37,0
13:37,362.81,154,0
13:37,362.92,28,0
13:37,362.92,6,0
13:37,362.92,18,1
13:37,362.91,7,0
13:37,362.42,54,1
13:37,362.42,16,1
13:38,362.7,16,0
13:38,362.41,25,1
13:38,362.42,26,1
13:38,362.33,8,1
13:38,362.52,55,0
13:38,362.45,14,1
13:38,362.7,21,0
13:38,362.46,9,1
13:38,362.41,14,1
13:38,362.41,33,1
13:38,362.4,21,1
13:38,362.4,25,1
13:38,361.86,164,1
13:38,361.77,29,1
13:38,361.72,19,1
13:38,361.77,23,0
13:38,361.27,20,1
13:38,361.24,34,1
13:38,361.55,8,0
13:38,361.22,33,1
13:39,361.25,16,1
13:39,361.63,30,0
13:39,361.25,9,1
13:39,361.25,11,1
13:39,361.79,81,0
13:39,361.88,36,0
13:39,362.23,30,0
13:39,361.77,21,1
13:39,362.19,25,0
13:39,362.21,13,2
13:39,362.34,27,0
13:39,362.32,25,1
13:39,362.39,4,0
13:39,362.4,17,0
13:39,362.34,19,1
13:39,362.0,73,1
13:39,362.01,26,0
13:39,361.99,26,0
13:39,361.88,13,2
13:39,362.0,10,0
13:40,362.01,30,0
13:40,362.07,18,0
13:40,362.45,106,0
13:40,362.52,48,0
13:40,362.71,31,0
13:40,362.8,24,0
13:40,362.73,19,1
13:40,362.91,52,0
13:40,362.96,49,0
13:40,362.82,16,1
13:40,362.9,56,1
13:40,362.95,14,0
13:40,362.96,25,0
13:40,362.98,13,0
13:40,362.99,6,0
13:40,363.04,117,0
13:40,363.31,30,0
13:40,363.4,26,0
13:40,363.34,22,1
13:40,363.35,12,1
13:41,363.2,99,1
13:41,362.95,90,1
13:41,362.68,29,1
13:41,362.68,16,1
13:41,362.66,12,1
13:41,362.64,24,0
13:41,362.23,6,1
13:41,362.46,42,0
13:41,362.37,9,0
13:41,362.38,18,1
13:41,362.41,10,0
13:41,362.42,16,1
13:41,362.26,11,1
13:41,362.24,17,1
13:41,362.27,8,0
13:41,362.19,25,1
13:41,362.18,20,2
13:41,362.18,20,1
13:41,362.18,19,0
13:42,362.07,28,1
13:42,361.88,16,1
13:42,361.61,265,1
13:42,361.61,20,0
13:42,361.78,24,1
13:42,361.5,284,1
13:42,361.78,16,0
13:42,361.73,278,0
13:42,361.57,29,0
13:42,361.5,24,1
13:42,361.0,257,1
13:42,361.0,30,1
13:42,361.01,27,1
13:42,361.05,2,1
13:42,361.04,20,1
13:42,361.29,41,0
13:42,361.04,50,1
13:42,361.23,17,0
13:42,361.29,8,0
13:42,361.51,39,0
13:43,361.52,13,1
13:43,361.54,20,1
13:43,361.78,10,0
13:43,361.78,27,1
13:43,361.89,6,0
13:43,361.79,19,1
13:43,361.89,23,1
13:43,361.81,34,1
13:43,361.79,22,1
13:43,361.88,20,0
13:43,361.87,21,1
13:43,361.87,2,1
13:43,361.88,18,0
13:43,361.87,22,1
13:43,361.88,26,0
13:43,361.88,8,0
13:43,361.8,18,1
13:43,361.76,38,1
13:43,361.83,12,0
13:44,361.77,10,1
13:44,361.72,20,1
13:44,361.7,14,1
13:44,361.69,4,1
13:44,361.54,63,1
13:44,361.34,9,1
13:44,361.3,11,1
13:44,361.27,77,1
13:44,361.13,8,1
13:44,361.19,32,1
13:44,361.38,104,0
13:44,361.34,34,1
13:44,361.68,80,0
13:44,361.66,16,1
13:44,361.65,49,1
13:44,361.64,53,1
13:44,361.58,26,1
13:44,361.51,19,1
13:44,361.57,9,0
13:44,361.5,8,0
13:45,361.29,16,1
13:45,361.2,15,1
13:45,361.27,11,0
13:45,361.35,96,0
13:45,361.51,30,0
13:45,361.51,31,0
13:45,361.66,152,0
13:45,361.57,65,1
13:45,361.55,25,1
13:45,361.66,25,1
13:45,361.56,58,1
13:45,361.5,32,1
13:45,361.57,78,0
13:45,361.4,28,0
13:45,361.32,8,1
13:45,361.4,29,0
13:45,361.33,9,0
13:45,361.28,2,1
13:45,361.26,33,1
13:45,361.21,18,1
13:46,361.21,39,1
13:46,361.2,18,1
13:46,361.12,30,1
13:46,361.08,27,1
13:46,360.88,180,1
13:46,360.58,79,1
13:46,360.77,45,0
13:46,360.59,29,1
13:46,360.75,49,0
13:46,360.56,36,1
13:46,360.66,77,0
13:46,360.66,67,1
13:46,360.67,28,1
13:46,360.66,60,1
13:46,360.56,42,1
13:46,360.74,36,0
13:46,360.77,2,1
13:46,360.55,25,1
13:46,360.55,22,1
13:46,360.5,49,1
13:47,360.5,27,1
13:47,360.51,31,1
13:47,360.5,67,1
13:47,360.5,70,1
13:47,360.72,38,0
13:47,360.51,61,1
13:47,360.5,35,1
13:47,360.5,26,0
13:47,360.45,29,1
13:47,360.46,20,2
13:47,360.7,126,0
13:47,360.7,151,0
13:47,360.63,196,0
13:47,360.67,69,0
13:47,360.6,40,0
13:47,360.58,44,0
13:47,360.6,18,0
13:47,360.5,34,1
13:47,360.48,90,1
13:47,360.53,37,0
13:47,360.6,33,0
13:48,360.6,27,0
13:48,361.0,365,0
13:48,361.03,475,0
13:48,361.1,10,0
13:48,361.1,20,1
13:48,361.2,41,0
13:48,361.12,8,1
13:48,361.12,41,1
13:48,361.12,16,1
13:48,361.2,33,0
13:48,361.12,19,1
13:48,360.93,83,1
13:48,360.91,12,0
13:48,361.0,53,0
13:48,361.0,267,0
13:48,361.0,21,0
13:48,361.1,31,0
13:48,361.1,68,1
13:48,361.2,29,0
13:48,361.4,17,0
13:49,361.44,51,0
13:49,361.44,17,1
13:49,361.44,58,1
13:49,361.5,23,1
13:49,361.63,28,0
13:49,361.6,63,1
13:49,361.65,19,0
13:49,361.67,31,0
13:49,361.67,26,1
13:49,361.67,29,1
13:49,361.7,27,0
13:49,361.7,21,0
13:49,361.7,21,1
13:49,361.71,22,0
13:49,361.7,72,1
13:49,361.7,24,1
13:49,361.61,101,1
13:49,361.11,42,1
13:49,361.11,12,1
13:50,361.11,22,0
13:50,361.07,14,1
13:50,361.07,24,1
13:50,361.09,19,1
13:50,361.09,2,1
13:50,361.11,10,1
13:50,361.6,96,0
13:50,361.7,88,0
13:50,361.61,83,1
13:50,361.7,14,0
13:50,361.69,17,1
13:50,361.69,17,0
13:50,361.69,52,1
13:50,361.69,61,0
13:50,361.69,33,0
13:50,361.63,35,1
13:50,361.62,13,1
13:50,361.63,15,0
13:50,361.61,10,1
13:50,361.62,17,0
13:51,361.59,6,1
13:51,361.63,24,0
13:51,361.67,24,0
13:51,361.67,84,1
13:51,361.68,8,0
13:51,361.55,4,1
13:51,361.55,30,0
13:51,361.54,11,1
13:51,361.55,16,0
13:51,361.54,8,0
13:51,361.52,15,1
13:51,361.51,30,1
13:51,361.49,10,1
13:51,361.44,21,1
13:51,361.46,20,1
13:51,361.5,17,0
13:51,361.5,48,0
13:51,361.58,179,0
13:51,361.51,87,1
13:51,361.52,13,1
13:52,361.44,47,1
13:52,361.44,6,0
13:52,361.44,26,1
13:52,361.37,90,1
13:52,361.3,9,1
13:52,361.01,39,1
13:52,360.8,48,1
13:52,360.66,24,1
13:52,360.54,50,0
13:52,360.47,56,1
13:52,360.45,47,1
13:52,360.45,28,1
13:52,360.45,23,0
13:52,360.4,35,1
13:52,360.35,18,1
13:52,360.37,42,0
13:52,360.22,16,1
13:52,360.3,24,0
13:52,360.3,26,1
13:52,360.22,50,1
13:53,360.22,61,1
13:53,360.29,27,0
13:53,360.22,14,0
13:53,360.22,25,0
13:53,360.14,27,1
13:53,360.14,10,0
13:53,360.1,9,1
13:53,360.11,37,1
13:53,360.1,20,0
13:53,360.08,23,1
13:53,360.08,62,0
13:53,360.05,50,2
13:53,360.05,42,1
13:53,360.01,167,1
13:53,360.01,88,1
13:53,360.0,45,1
13:53,360.0,67,1
13:53,360.0,82,1
13:53,360.0,200,1
13:53,360.0,326,1
13:54,359.7,56,1
13:54,359.59,37,1
13:54,359.69,93,1
13:54,359.7,25,1
13:54,359.69,26,0
13:54,359.79,55,0
13:54,359.6,33,1
13:54,359.66,21,0
13:54,359.6,28,1
13:54,359.6,59,1
13:54,359.79,107,0
13:54,359.6,94,1
13:54,359.6,40,0
13:54,359.55,27,1
13:54,359.69,184,0
13:54,359.51,63,1
13:54,359.51,29,1
13:54,359.69,32,0
13:54,359.5,144,1
13:54,358.9,563,1
13:54,358.66,35,1
13:55,358.66,48,1
13:55,358.57,42,1
13:55,358.5,60,1
13:55,358.44,21,0
13:55,358.43,48,1
13:55,358.43,21,0
13:55,358.28,189,1
13:55,358.41,188,0
13:55,358.4,164,1
13:55,358.37,129,1
13:55,358.11,59,1
13:55,358.29,125,0
13:55,358.28,37,1
13:55,358.12,88,1
13:55,358.11,34,1
13:55,358.11,25,1
13:55,358.08,16,0
13:55,358.02,99,1
13:55,358.0,227,1
13:56,358.0,210,1
13:56,357.99,42,1
13:56,357.77,82,1
13:56,357.72,14,1
13:56,357.65,27,1
13:56,357.08,60,1
13:56,357.06,77,1
13:56,357.08,276,0
13:56,357.3,69,0
13:56,357.02,221,1
13:56,356.95,125,1
13:56,356.95,47,1
13:56,356.83,110,1
13:56,356.88,64,0
13:56,356.8,101,1
13:56,356.71,160,1
13:56,356.4,172,1
13:56,356.4,102,1
13:56,356.25,155,1
13:56,356.25,69,0
13:57,356.38,80,0
13:57,356.42,297,0
13:57,356.28,91,1
13:57,356.29,45,0
13:57,356.3,123,0
13:57,356.25,15,0
13:57,356.01,133,1
13:57,356.0,94,1
13:57,356.28,129,0
13:57,356.2,116,1
13:57,356.0,313,1
13:57,356.2,530,0
13:57,356.29,221,1
13:57,356.76,74,0
13:57,356.29,200,1
13:57,356.12,269,1
13:57,356.41,262,0
13:57,356.48,17,1
13:57,356.29,102,1
13:57,356.49,52,0
13:57,356.84,185,0
13:58,357.0,13,0
13:58,357.0,38,0
13:58,357.0,41,1
13:58,357.0,34,1
13:58,357.04,13,0
13:58,357.18,16,0
13:58,357.18,20,0
13:58,357.28,54,0
13:58,357.28,42,0
13:58,357.28,44,0
13:58,357.26,33,1
13:58,357.29,29,0
13:58,357.26,47,1
13:58,357.5,31,0
13:58,357.5,26,0
13:58,357.5,85,1
13:58,357.49,21,0
13:58,357.19,92,1
13:58,356.71,195,1
13:59,356.38,22,1
13:59,356.56,19,0
13:59,356.25,40,1
13:59,356.25,34,0
13:59,356.23,33,1
13:59,356.23,16,0
13:59,356.13,52,1
13:59,356.13,32,1
13:59,356.1,78,1
13:59,356.06,51,1
13:59,356.0,80,1
13:59,355.99,117,1
13:59,355.99,36,1
13:59,355.92,70,1
13:59,355.74,52,1
13:59,355.73,31,1
13:59,355.58,53,1
13:59,355.7,9,0
13:59,355.58,14,1
13:59,355.56,108,1
14:00,355.59,259,0
14:00,355.86,422,0
14:00,356.15,165,0
14:00,356.37,152,0
14:00,356.39,115,0
14:00,356.41,111,0
14:00,357.4,79,0
14:00,357.56,118,0
14:00,357.99,163,0
14:00,357.68,79,1
14:00,357.69,74,0
14:00,357.71,55,0
14:00,357.74,58,0
14:00,357.99,33,0
14:00,358.03,26,0
14:00,358.11,56,0
14:00,358.14,58,0
14:00,358.55,45,0
14:00,358.66,53,0
14:00,358.69,48,0
14:00,358.54,99,1
14:01,358.33,160,1
14:01,358.0,293,1
14:01,357.95,100,1
14:01,357.89,41,0
14:01,357.86,24,1
14:01,357.86,33,1
14:01,358.0,38,0
14:01,358.02,23,1
14:01,358.01,26,1
14:01,358.0,70,1
14:01,357.95,48,1
14:01,357.99,47,0
14:01,357.92,44,1
14:01,358.25,34,0
14:01,358.04,44,1
14:01,358.03,13,1
14:01,358.29,25,0
14:01,357.88,166,1
14:01,358.5,25,0
14:02,358.67,12,0
14:02,358.9,50,0
14:02,358.99,142,0
14:02,358.98,16,0
14:02,359.02,32,0
14:02,359.0,32,1
14:02,358.88,65,1
14:02,358.67,86,1
14:02,358.55,35,1
14:02,358.88,39,0
14:02,358.8,43,0
14:02,358.41,32,1
14:02,358.4,17,1
14:02,358.62,66,0
14:02,358.51,27,0
14:02,358.5,80,1
14:02,358.67,31,0
14:02,358.51,102,1
14:02,358.7,19,1
14:02,358.55,82,1
14:02,358.37,10,1
14:03,358.36,21,1
14:03,358.5,32,0
14:03,358.5,10,0
14:03,358.51,10,0
14:03,358.51,36,1
14:03,358.49,37,1
14:03,358.39,21,1
14:03,358.38,24,1
14:03,358.4,45,0
14:03,358.4,26,1
14:03,358.41,12,1
14:03,358.45,26,0
14:03,358.39,49,1
14:03,358.38,31,1
14:03,358.39,18,1
14:03,358.38,18,1
14:03,358.38,12,1
14:03,358.35,38,1
14:03,358.29,47,1
14:04,358.27,19,1
14:04,358.28,28,1
14:04,358.29,12,0
14:04,358.31,35,0
14:04,358.27,25,1
14:04,358.25,19,1
14:04,358.19,41,1
14:04,358.13,30,1
14:04,357.99,119,1
14:04,357.88,13,1
14:04,357.79,42,1
14:04,357.74,23,1
14:04,357.74,94,0
14:04,357.78,43,0
14:04,357.79,72,0
14:04,357.7,90,1
14:04,357.74,33,2
14:04,357.78,32,0
14:04,357.78,96,1
14:04,357.77,125,1
14:04,357.7,14,1
14:05,357.7,22,1
14:05,358.23,248,0
14:05,358.88,230,0
14:05,358.59,67,1
14:05,358.59,26,1
14:05,358.48,26,0
14:05,358.51,26,1
14:05,358.59,24,1
14:05,358.74,18,0
14:05,358.5,21,1
14:05,358.5,30,0
14:05,358.5,38,0
14:05,358.45,37,1
14:05,358.41,46,1
14:05,358.42,40,1
14:05,358.4,22,1
14:05,358.2,138,1
14:05,358.17,10,1
14:05,358.05,12,1
14:06,358.18,43,0
14:06,358.49,111,0
14:06,358.74,210,0
14:06,358.64,28,1
14:06,358.61,22,1
14:06,358.64,15,0
14:06,359.0,100,0
14:06,358.86,40,0
14:06,359.0,31,1
14:06,359.0,24,1
14:06,359.17,25,0
14:06,359.15,52,1
14:06,359.18,75,0
14:06,359.0,132,1
14:06,359.0,29,0
14:06,359.05,34,0
14:06,359.05,20,0
14:06,359.0,47,1
14:06,359.1,49,0
14:06,359.16,34,0
14:07,359.5,36,0
14:07,359.5,29,0
14:07,359.36,4,1
14:07,359.71,29,0
14:07,359.79,28,0
14:07,359.86,15,0
14:07,359.88,29,0
14:07,359.78,115,1
14:07,359.58,86,1
14:07,359.35,107,1
14:07,359.28,35,1
14:07,358.87,153,1
14:07,358.87,35,1
14:07,358.79,35,1
14:07,358.89,31,0
14:07,358.75,18,1
14:07,358.71,31,1
14:07,358.7,42,1
14:07,358.88,106,0
14:07,358.89,31,1
14:08,359.08,38,0
14:08,359.28,37,0
14:08,359.5,20,0
14:08,359.77,28,0
14:08,359.52,10,1
14:08,359.65,17,0
14:08,359.77,35,0
14:08,359.49,40,1
14:08,359.65,57,0
14:08,359.66,72,1
14:08,359.49,22,1
14:08,359.49,41,1
14:08,359.66,21,0
14:08,359.4,11,1
14:08,359.39,44,1
14:08,359.2,48,1
14:08,359.39,66,0
14:08,359.2,15,0
14:08,359.08,20,1
14:08,359.09,39,0
14:09,359.35,24,1
14:09,359.3,25,0
14:09,359.3,6,0
14:09,359.12,58,1
14:09,359.11,21,1
14:09,359.09,17,1
14:09,359.09,15,1
14:09,359.09,26,1
14:09,359.08,45,1
14:09,359.11,15,0
14:09,359.15,22,0
14:09,359.2,18,0
14:09,359.14,10,1
14:09,359.28,34,0
14:09,359.5,38,0
14:09,359.5,47,1
14:09,359.74,27,0
14:09,359.52,16,1
14:09,359.8,81,0
14:09,359.57,16,1
14:09,359.73,34,0
14:10,359.64,28,1
14:10,359.56,23,1
14:10,359.63,27,0
14:10,359.6,22,1
14:10,359.57,20,1
14:10,359.52,49,1
14:10,359.52,23,1
14:10,359.47,23,1
14:10,359.48,67,0
14:10,359.59,47,0
14:10,359.65,69,0
14:10,359.7,31,0
14:10,359.82,9,0
14:10,359.82,22,0
14:10,359.82,12,0
14:10,359.96,90,0
14:10,359.86,29,1
14:10,359.97,46,0
14:10,359.98,18,0
14:11,359.87,50,1
14:11,359.98,50,0
14:11,360.0,320,0
14:11,359.99,92,1
14:11,359.87,219,1
14:11,359.8,19,1
14:11,359.83,60,0
14:11,359.75,16,1
14:11,359.61,37,1
14:11,359.6,22,1
14:11,359.45,41,1
14:11,359.45,33,1
14:11,359.39,56,1
14:11,359.45,27,0
14:11,359.36,18,1
14:11,359.45,50,0
14:11,359.55,98,0
14:11,359.55,28,1
14:11,359.47,17,1
14:11,359.49,18,1
14:12,359.49,24,1
14:12,359.58,8,1
14:12,359.67,45,1
14:12,359.71,13,0
14:12,359.71,43,1
14:12,359.71,14,1
14:12,359.7,234,1
14:12,359.57,43,1
14:12,359.55,15,1
14:12,359.55,19,0
14:12,359.57,17,0
14:12,359.5,17,0
14:12,359.48,33,1
14:12,359.5,74,0
14:12,359.55,18,0
14:12,359.37,64,1
14:12,359.55,38,1
14:12,359.39,19,1
14:12,359.31,9,1
14:12,359.28,31,1
14:13,359.27,10,1
14:13,359.27,130,1
14:13,359.31,31,0
14:13,359.35,108,0
14:13,359.88,110,0
14:13,359.88,88,1
14:13,360.0,13,0
14:13,359.89,12,1
14:13,359.88,5,0
14:13,360.0,21,0
14:13,359.89,20,1
14:13,360.01,9,0
14:13,359.88,33,1
14:13,359.99,27,1
14:13,359.89,6,1
14:13,359.9,10,1
14:13,359.97,76,0
14:13,359.89,28,1
14:13,359.67,58,1
14:13,359.29,14,1
14:14,359.29,161,0
14:14,359.27,71,1
14:14,359.27,22,1
14:14,359.26,34,0
14:14,359.2,24,0
14:14,359.25,13,0
14:14,359.49,142,0
14:14,359.5,17,1
14:14,359.5,26,1
14:14,359.66,19,0
14:14,359.66,22,1
14:14,359.67,11,0
14:14,359.66,23,1
14:14,359.56,31,1
14:14,359.66,4,0
14:14,359.72,19,0
14:14,359.66,31,1
14:14,359.66,20,1
14:14,359.67,19,1
14:14,359.71,14,0
14:14,359.68,7,1
14:15,359.67,12,1
14:15,359.66,50,1
14:15,359.63,45,1
14:15,359.57,43,1
14:15,359.44,9,1
14:15,359.45,38,0
14:15,359.57,21,0
14:15,359.64,23,0
14:15,359.7,29,0
14:15,359.86,17,0
14:15,359.88,20,0
14:15,359.74,60,1
14:15,359.99,21,0
14:15,359.86,29,1
14:15,359.98,20,0
14:15,359.89,27,2
14:15,360.0,31,0
14:15,359.99,12,0
14:15,359.91,7,1
14:15,359.98,30,1
14:16,359.89,14,1
14:16,359.97,19,0
14:16,359.87,33,1
14:16,359.8,44,1
14:16,359.84,36,0
14:16,359.86,3,0
14:16,359.81,5,1
14:16,359.87,77,0
14:16,359.85,14,0
14:16,359.68,31,1
14:16,359.68,24,1
14:16,359.67,18,1
14:16,359.68,18,0
14:16,359.66,5,1
14:16,359.66,30,1
14:16,359.74,70,0
14:16,359.85,21,0
14:16,359.75,172,1
14:16,359.67,20,1
14:17,359.69,16,0
14:17,359.69,28,1
14:17,359.74,2,0
14:17,359.79,11,0
14:17,359.85,9,0
14:17,359.67,120,1
14:17,359.2,170,1
14:17,359.0,126,1
14:17,358.97,231,1
14:17,358.71,98,1
14:17,358.7,76,1
14:17,358.66,24,1
14:17,358.66,27,1
14:17,358.65,11,1
14:17,358.58,36,1
14:17,358.64,125,0
14:17,358.58,35,1
14:17,358.57,16,1
14:17,358.49,35,1
14:17,358.5,12,1
14:18,358.41,11,1
14:18,358.49,139,0
14:18,358.64,245,0
14:18,358.96,52,1
14:18,358.59,22,1
14:18,358.63,26,1
14:18,358.94,10,0
14:18,359.0,20,0
14:18,358.97,51,0
14:18,359.17,28,0
14:18,359.0,61,1
14:18,359.15,25,0
14:18,359.18,25,0
14:18,359.32,18,0
14:18,359.18,15,0
14:18,359.17,2,0
14:18,359.04,42,1
14:18,359.04,16,1
14:18,359.17,19,0
14:18,359.14,21,0
14:19,358.94,11,1
14:19,358.84,15,1
14:19,358.94,26,0
14:19,358.84,14,1
14:19,358.92,15,0
14:19,358.76,22,1
14:19,358.42,92,1
14:19,358.14,16,1
14:19,358.16,60,1
14:19,358.16,21,1
14:19,358.41,68,0
14:19,358.04,20,1
14:19,358.02,17,1
14:19,358.0,240,1
14:19,357.96,32,1
14:19,357.88,34,1
14:19,357.88,15,1
14:19,357.79,13,1
14:19,357.95,52,0
14:19,357.88,133,1
14:19,357.91,54,1
14:20,358.42,240,0
14:20,358.49,54,1
14:20,358.47,72,0
14:20,358.53,31,0
14:20,358.54,17,1
14:20,358.94,111,0
14:20,359.19,129,0
14:20,359.3,41,0
14:20,359.14,27,0
14:20,359.2,21,0
14:20,359.14,23,1
14:20,359.14,19,1
14:20,359.14,31,1
14:20,359.02,65,1
14:20,358.84,82,1
14:20,358.84,53,1
14:20,358.84,51,1
14:20,358.84,20,1
14:20,358.73,22,1
14:21,358.85,43,0
14:21,359.0,33,0
14:21,359.0,35,0
14:21,359.01,24,2
14:21,359.08,29,0
14:21,359.08,21,1
14:21,359.13,42,0
14:21,359.0,11,1
14:21,359.08,139,0
14:21,358.93,26,1
14:21,358.93,11,1
14:21,358.88,32,1
14:21,358.87,37,1
14:21,358.89,38,0
14:21,358.9,12,1
14:21,358.88,39,1
14:21,358.92,19,0
14:21,358.89,10,1
14:21,358.88,44,1
14:21,358.73,117,1
14:22,358.75,16,0
14:22,358.62,30,1
14:22,358.61,36,0
14:22,358.51,32,1
14:22,358.52,41,0
14:22,358.5,14,1
14:22,358.49,43,1
14:22,358.44,13,1
14:22,358.45,15,2
14:22,358.32,20,1
14:22,358.32,15,1
14:22,358.32,21,1
14:22,358.3,33,1
14:22,358.32,35,1
14:22,358.46,96,0
14:22,358.49,64,0
14:22,358.46,41,1
14:22,358.43,35,1
14:22,358.37,86,1
14:22,358.3,45,1
14:23,358.3,32,0
14:23,358.17,76,1
14:23,358.3,31,0
14:23,358.3,13,0
14:23,358.37,28,0
14:23,358.31,22,1
14:23,358.31,20,1
14:23,358.22,24,1
14:23,358.3,26,0
14:23,358.3,37,0
14:23,358.3,71,0
14:23,358.3,12,0
14:23,358.18,52,1
14:23,358.17,98,2
14:23,358.17,13,1
14:23,358.31,29,0
14:23,358.1,80,1
14:23,358.19,59,0
14:23,358.08,44,1
14:23,357.91,92,1
14:23,357.7,103,1
14:24,357.69,10,1
14:24,357.69,26,1
14:24,357.69,37,1
14:24,357.71,68,0
14:24,357.7,39,1
14:24,357.86,75,0
14:24,357.71,24,2
14:24,357.69,36,1
14:24,357.66,37,1
14:24,357.69,7,0
14:24,357.65,19,1
14:24,357.66,84,1
14:24,357.68,28,0
14:24,357.65,11,1
14:24,357.66,44,0
14:24,357.66,84,0
14:24,357.65,16,0
14:24,357.62,31,1
14:24,357.63,14,0
14:25,357.63,26,0
14:25,358.04,196,0
14:25,358.11,59,2
14:25,358.36,46,0
14:25,358.2,10,1
14:25,358.38,22,0
14:25,358.31,62,1
14:25,358.36,10,2
14:25,358.41,15,0
14:25,358.42,17,0
14:25,358.66,57,0
14:25,358.72,21,0
14:25,358.72,17,1
14:25,358.76,23,0
14:25,358.78,6,1
14:25,358.71,65,1
14:25,358.87,10,0
14:25,358.79,10,1
14:25,358.72,18,1
14:25,358.7,49,1
14:26,358.66,21,1
14:26,358.66,42,1
14:26,358.66,12,0
14:26,358.47,55,1
14:26,358.52,49,0
14:26,358.44,35,1
14:26,358.49,36,0
14:26,358.4,53,1
14:26,358.42,17,2
14:26,358.33,95,1
14:26,358.16,35,1
14:26,358.11,123,1
14:26,358.18,26,1
14:26,358.28,28,0
14:26,358.18,11,1
14:26,358.24,39,0
14:26,358.24,72,0
14:26,358.4,26,0
14:26,358.33,24,1
14:26,358.33,13,1
14:26,358.44,31,0
14:27,358.45,63,1
14:27,358.45,28,0
14:27,358.49,52,0
14:27,358.5,19,0
14:27,358.5,37,0
14:27,358.49,60,2
14:27,358.48,18,0
14:27,358.48,27,1
14:27,358.49,36,0
14:27,358.6,56,0
14:27,358.5,81,1
14:27,358.6,96,0
14:27,358.6,11,0
14:27,358.61,11,1
14:27,358.6,56,1
14:27,358.64,27,0
14:27,358.68,80,0
14:27,358.74,103,0
14:27,358.69,34,1
14:27,358.86,15,0
14:28,358.79,26,1
14:28,358.91,32,0
14:28,358.88,26,1
14:28,358.69,92,1
14:28,358.79,35,0
14:28,358.69,62,1
14:28,358.68,35,0
14:28,358.48,24,1
14:28,358.45,59,1
14:28,358.18,43,1
14:28,357.8,188,1
14:28,357.99,83,0
14:28,357.95,46,1
14:28,357.95,20,1
14:28,357.92,63,1
14:28,357.89,36,1
14:28,357.92,37,0
14:28,357.88,109,1
14:28,357.9,31,0
14:29,357.8,19,1
14:29,357.8,74,1
14:29,357.84,34,0
14:29,358.0,72,0
14:29,357.78,25,1
14:29,357.8,28,1
14:29,357.76,69,1
14:29,358.0,55,0
14:29,357.84,13,1
14:29,357.85,33,1
14:29,358.0,23,0
14:29,357.94,27,1
14:29,357.89,16,1
14:29,357.99,38,0
14:29,357.94,46,1
14:29,358.0,46,2
14:29,358.01,56,1
14:29,358.01,30,0
14:29,357.98,12,0
14:29,357.98,26,0
14:29,357.94,37,1
14:30,358.0,59,0
14:30,358.0,28,1
14:30,358.05,185,0
14:30,358.08,128,0
14:30,358.17,37,0
14:30,358.18,70,1
14:30,358.59,69,0
14:30,358.67,88,0
14:30,358.79,52,0
14:30,358.67,70,1
14:30,358.83,50,1
14:30,358.81,71,1
14:30,358.81,38,1
14:30,358.67,56,1
14:30,358.58,38,1
14:30,358.63,41,0
14:30,358.63,23,1
14:30,358.59,46,1
14:30,358.6,21,1
14:31,358.64,118,0
14:31,358.34,44,1
14:31,358.51,58,0
14:31,358.18,48,1
14:31,358.13,34,1
14:31,358.33,48,0
14:31,358.1,19,1
14:31,358.1,63,1
14:31,357.9,187,1
14:31,357.7,96,1
14:31,357.44,241,1
14:31,357.4,53,1
14:31,357.33,99,1
14:31,357.01,236,1
14:31,357.07,152,1
14:31,357.05,192,1
14:31,357.06,141,1
14:31,357.33,71,0
14:31,357.61,194,0
14:31,357.62,64,0
14:32,357.67,96,0
14:32,357.88,51,0
14:32,357.99,60,0
14:32,358.06,51,0
14:32,358.2,40,0
14:32,358.0,76,1
14:32,358.15,50,0
14:32,358.33,60,0
14:32,358.15,41,1
14:32,358.23,44,1
14:32,358.41,34,0
14:32,358.38,21,1
14:32,358.22,42,1
14:32,358.21,28,0
14:32,358.03,100,1
14:32,357.99,93,1
14:32,357.83,76,1
14:32,357.8,12,1
14:32,357.79,36,0
14:32,357.62,41,1
14:32,357.76,44,0
14:33,357.77,4,0
14:33,357.6,58,0
14:33,357.33,18,1
14:33,357.38,84,1
14:33,357.07,55,1
14:33,357.06,41,1
14:33,357.06,49,1
14:33,357.01,64,1
14:33,357.04,43,0
14:33,357.0,162,1
14:33,357.01,154,0
14:33,357.0,165,2
14:33,357.0,52,0
14:33,356.99,80,1
14:33,356.98,54,1
14:33,356.99,93,0
14:33,357.0,95,0
14:33,356.91,60,1
14:33,356.98,45,0
14:34,357.0,45,0
14:34,357.01,57,1
14:34,357.03,113,1
14:34,357.09,191,1
14:34,357.49,43,0
14:34,357.08,83,1
14:34,357.04,73,1
14:34,356.98,70,1
14:34,357.0,54,0
14:34,356.98,31,1
14:34,357.0,50,0
14:34,356.9,134,1
14:34,356.9,38,0
14:34,356.88,20,1
14:34,356.95,24,0
14:34,356.95,105,0
14:34,356.97,59,0
14:34,356.98,45,1
14:34,357.17,43,0
14:34,357.22,49,0
14:34,357.4,62,0
14:35,357.39,53,1
14:35,357.24,77,1
14:35,357.78,44,0
14:35,357.45,25,1
14:35,357.7,81,0
14:35,357.52,20,1
14:35,357.69,57,0
14:35,357.7,67,0
14:35,357.52,47,1
14:35,357.68,24,0
14:35,357.67,18,0
14:35,357.68,44,0
14:35,357.7,92,0
14:35,357.68,24,1
14:35,357.68,39,0
14:35,357.68,73,0
14:35,357.68,42,0
14:35,357.67,74,1
14:35,357.68,116,0
14:36,357.58,66,1
14:36,357.85,120,0
14:36,357.9,40,0
14:36,357.9,155,1
14:36,357.9,95,1
14:36,358.38,152,0
14:36,358.79,290,0
14:36,358.85,301,0
14:36,359.0,97,0
14:36,359.1,217,0
14:36,359.62,114,0
14:36,359.62,74,0
14:36,359.79,223,0
14:36,359.71,184,1
14:36,359.88,72,0
14:36,359.26,58,1
14:36,359.26,139,1
14:36,359.65,63,0
14:36,359.26,64,1
14:36,359.61,80,0
14:37,359.62,191,0
14:37,358.86,90,1
14:37,358.9,34,1
14:37,358.9,56,1
14:37,359.21,81,1
14:37,359.0,44,1
14:37,359.18,45,0
14:37,358.87,55,1
14:37,358.58,67,1
14:37,358.41,41,1
14:37,358.4,64,1
14:37,358.79,42,0
14:37,358.79,154,0
14:37,359.04,48,0
14:37,359.06,55,0
14:37,359.5,259,0
14:37,359.65,86,0
14:37,359.8,33,0
14:37,359.85,88,0
14:37,359.79,53,1
14:37,359.96,110,0
14:38,359.88,61,2
14:38,359.97,28,0
14:38,359.87,36,1
14:38,359.99,113,0
14:38,359.99,91,0
14:38,360.29,770,0
14:38,360.19,112,1
14:38,360.5,106,0
14:38,360.59,55,0
14:38,360.35,190,1
14:38,360.2,121,1
14:38,359.96,255,1
14:38,359.77,74,1
14:38,359.77,138,0
14:38,359.76,49,0
14:38,359.78,102,0
14:38,359.76,62,1
14:38,359.76,95,1
14:38,359.51,141,1
14:39,359.51,21,0
14:39,359.5,37,1
14:39,359.73,83,0
14:39,359.73,46,1
14:39,359.63,49,1
14:39,359.7,26,0
14:39,359.63,9,1
14:39,359.72,26,0
14:39,359.7,124,0
14:39,359.63,86,1
14:39,359.65,56,0
14:39,359.49,27,0
14:39,359.5,75,0
14:39,359.5,43,0
14:39,359.63,22,0
14:39,359.66,44,0
14:39,359.66,11,0
14:39,359.64,20,2
14:39,359.55,155,1
14:39,358.9,174,1
14:39,359.44,74,0
14:40,359.01,86,1
14:40,359.46,79,0
14:40,359.28,22,1
14:40,359.28,14,1
14:40,359.28,57,1
14:40,359.28,89,0
14:40,359.27,76,1
14:40,359.27,25,1
14:40,359.21,13,1
14:40,359.25,9,0
14:40,359.22,83,1
14:40,359.21,33,1
14:40,359.05,43,1
14:40,359.0,114,1
14:40,358.66,26,1
14:40,358.64,48,1
14:40,358.65,43,0
14:40,358.64,86,1
14:40,358.64,147,0
14:40,358.6,64,1
14:41,358.58,61,0
14:41,358.37,37,1
14:41,358.58,18,0
14:41,358.5,52,1
14:41,358.57,58,2
14:41,358.65,174,0
14:41,358.79,80,0
14:41,359.0,54,0
14:41,359.22,108,0
14:41,359.08,41,1
14:41,359.48,198,0
14:41,359.56,95,0
14:41,359.31,116,1
14:41,359.27,141,1
14:41,359.08,63,1
14:41,359.05,29,1
14:41,358.9,133,1
14:41,359.0,39,0
14:41,359.0,44,0
14:41,358.99,30,0
14:42,358.98,20,0
14:42,358.98,84,0
14:42,358.8,51,1
14:42,358.85,34,0
14:42,358.81,30,1
14:42,358.79,52,1
14:42,358.79,60,0
14:42,358.7,52,1
14:42,358.72,50,0
14:42,358.8,215,0
14:42,358.8,163,1
14:42,358.81,66,1
14:42,358.81,21,1
14:42,358.86,38,1
14:42,358.99,88,0
14:42,359.06,80,0
14:42,359.08,50,0
14:42,359.07,46,0
14:42,359.07,25,0
14:42,359.05,29,0
14:43,359.07,50,0
14:43,359.0,259,1
14:43,358.7,35,1
14:43,358.69,22,2
14:43,358.69,16,1
14:43,358.77,13,1
14:43,358.97,18,0
14:43,358.77,37,1
14:43,358.77,24,1
14:43,358.82,4,0
14:43,358.71,34,1
14:43,358.7,37,1
14:43,358.68,39,1
14:43,358.7,37,0
14:43,358.7,44,0
14:43,358.76,192,0
14:43,358.82,73,0
14:43,359.08,316,0
14:43,359.0,46,1
14:43,358.82,76,1
14:44,358.79,21,1
14:44,358.9,17,0
14:44,358.96,14,0
14:44,358.89,12,1
14:44,359.08,76,0
14:44,358.98,152,1
14:44,358.98,55,1
14:44,359.0,32,0
14:44,358.98,72,1
14:44,358.9,33,1
14:44,358.9,45,2
14:44,358.9,28,1
14:44,358.9,36,1
14:44,358.92,104,2
14:44,358.91,25,1
14:44,358.94,42,2
14:44,358.9,45,1
14:44,358.96,38,0
14:44,358.96,116,1
14:45,358.97,22,1
14:45,358.89,56,1
14:45,358.89,22,1
14:45,358.96,23,0
14:45,358.88,82,1
14:45,358.88,52,1
14:45,358.88,46,0
14:45,358.88,108,0
14:45,358.82,131,1
14:45,358.83,73,0
14:45,358.83,90,1
14:45,358.96,74,0
14:45,358.97,99,1
14:45,359.0,91,0
14:45,359.02,63,0
14:45,359.09,71,0
14:45,359.3,93,0
14:45,359.04,97,1
14:45,359.08,115,0
14:45,359.04,24,1
14:46,359.08,90,0
14:46,359.06,89,1
14:46,359.08,109,0
14:46,359.15,74,1
14:46,359.14,34,1
14:46,359.45,52,0
14:46,359.15,104,1
14:46,359.5,67,0
14:46,359.45,37,1
14:46,359.56,36,0
14:46,359.62,108,0
14:46,359.63,58,1
14:46,359.76,47,0
14:46,359.82,53,0
14:46,359.83,29,0
14:46,359.95,29,0
14:46,360.0,622,0
14:46,360.09,160,0
14:46,360.09,253,0
14:46,360.33,128,0
14:47,360.31,108,0
14:47,360.34,84,0
14:47,360.5,96,0
14:47,360.52,69,0
14:47,360.55,89,0
14:47,360.67,57,0
14:47,360.76,104,0
14:47,360.8,111,0
14:47,360.66,57,1
14:47,360.75,88,0
14:47,360.6,112,0
14:47,360.66,105,0
14:47,360.47,105,0
14:47,360.37,95,1
14:47,360.52,87,0
14:47,360.31,67,1
14:47,360.47,33,0
14:47,360.45,35,0
14:47,360.35,56,1
14:47,360.3,75,1
14:47,360.44,126,0
14:48,360.45,159,1
14:48,360.37,29,0
14:48,360.23,61,0
14:48,360.01,122,1
14:48,360.01,79,0
14:48,359.93,31,1
14:48,359.93,37,0
14:48,359.9,74,0
14:48,360.0,37,0
14:48,360.02,164,0
14:48,360.0,168,1
14:48,359.98,20,1
14:48,359.93,59,1
14:48,359.93,42,0
14:48,359.9,19,1
14:48,360.0,189,0
14:48,359.9,105,1
14:48,359.9,35,1
14:48,360.0,110,0
14:49,359.84,47,1
14:49,360.07,68,0
14:49,360.01,80,1
14:49,360.07,66,0
14:49,360.01,90,1
14:49,360.23,62,0
14:49,360.11,94,1
14:49,360.1,83,1
14:49,360.01,71,1
14:49,360.09,50,0
14:49,360.0,64,1
14:49,360.0,109,1
14:49,360.1,70,0
14:49,360.0,63,1
14:49,359.95,170,1
14:49,360.1,116,0
14:49,360.0,70,1
14:49,359.9,90,1
14:49,360.0,180,1
14:49,359.9,165,1
14:50,359.82,111,1
14:50,359.82,124,1
14:50,359.82,108,0
14:50,359.84,34,1
14:50,359.95,48,0
14:50,359.94,321,1
14:50,359.95,185,0
14:50,360.09,143,0
14:50,360.23,146,0
14:50,360.3,79,0
14:50,360.23,44,1
14:50,360.2,58,1
14:50,360.2,70,1
14:50,360.36,135,0
14:50,360.36,46,1
14:50,360.42,100,0
14:50,360.45,156,0
14:50,360.5,77,0
14:50,360.5,79,0
14:50,360.45,50,1
14:51,360.57,118,0
14:51,360.43,97,1
14:51,360.45,48,0
14:51,360.41,81,1
14:51,360.36,143,0
14:51,360.12,59,1
14:51,360.19,51,0
14:51,360.14,99,1
14:51,360.13,79,1
14:51,360.18,37,1
14:51,360.18,33,1
14:51,360.16,102,2
14:51,360.33,65,0
14:51,360.1,121,1
14:51,360.1,143,0
14:51,360.0,24,1
14:51,360.01,209,0
14:51,360.0,133,1
14:51,359.92,58,1
14:51,359.95,23,0
14:52,359.9,27,1
14:52,359.9,45,1
14:52,359.87,44,1
14:52,359.84,60,1
14:52,359.85,79,0
14:52,359.83,38,1
14:52,359.83,73,0
14:52,359.8,85,1
14:52,359.8,67,1
14:52,359.85,197,0
14:52,359.85,64,1
14:52,359.9,96,0
14:52,359.87,141,1
14:52,359.86,150,1
14:52,359.85,62,1
14:52,359.85,37,1
14:52,359.9,137,0
14:52,359.92,130,0
14:52,359.97,218,0
14:52,359.97,70,1
14:52,360.02,107,0
14:53,360.0,78,1
14:53,359.98,24,1
14:53,359.98,73,1
14:53,359.95,139,1
14:53,359.95,176,0
14:53,359.93,45,1
14:53,359.92,49,0
14:53,359.98,145,0
14:53,359.93,60,1
14:53,359.98,50,0
14:53,359.91,110,1
14:53,359.92,30,1
14:53,359.93,60,0
14:53,359.8,122,1
14:53,359.81,27,1
14:53,359.89,93,0
14:53,359.86,83,1
14:53,359.8,146,1
14:53,359.81,86,0
14:54,359.8,175,1
14:54,359.79,63,1
14:54,359.8,101,0
14:54,359.78,85,1
14:54,359.78,61,0
14:54,359.77,138,2
14:54,359.77,58,0
14:54,359.73,46,1
14:54,359.73,32,0
14:54,359.75,52,0
14:54,359.71,73,1
14:54,359.75,70,0
14:54,359.74,122,0
14:54,359.78,100,0
14:54,359.71,241,1
14:54,359.75,91,0
14:54,359.8,116,0
14:54,360.01,860,0
14:54,360.19,429,0
14:54,360.45,38,0
14:54,360.5,94,0
14:55,360.31,54,0
14:55,360.3,59,0
14:55,360.49,56,0
14:55,360.5,97,0
14:55,360.45,72,0
14:55,360.45,140,0
14:55,360.43,52,1
14:55,360.3,63,1
14:55,360.3,26,0
14:55,360.29,56,0
14:55,360.45,227,0
14:55,360.46,242,0
14:55,360.5,137,0
14:55,360.39,69,1
14:55,360.4,55,1
14:55,360.39,126,1
14:55,360.39,45,0
14:55,360.34,52,1
14:55,360.39,74,0
14:56,360.34,88,1
14:56,360.33,121,1
14:56,360.46,161,0
14:56,360.4,105,1
14:56,360.31,15,1
14:56,360.36,144,0
14:56,360.47,104,0
14:56,360.29,76,1
14:56,360.3,204,1
14:56,360.29,63,1
14:56,360.29,77,1
14:56,360.3,119,0
14:56,360.3,75,0
14:56,360.36,135,0
14:56,360.32,387,1
14:56,360.32,54,1
14:56,360.32,53,0
14:56,360.32,164,0
14:56,360.28,90,1
14:56,360.32,49,0
14:56,360.32,67,0
15:00,360.28,3622,2
15:05,360.28,2,5
15:05,360.28,2,5
15:07,360.28,1,5
15:09,360.28,2,5
15:11,360.28,2,5
15:13,360.28,5,5
15:28,360.28,3,5
15:29,360.28,3,5
15:29,360.28,2,5
10:07,353.73,262,0
10:07,353.92,150,0
10:07,354.07,157,0
10:07,353.92,130,1
10:07,353.92,150,0
10:07,353.76,327,1
10:07,353.23,139,1
10:07,353.1,239,0
10:07,353.09,107,0
10:07,352.11,369,1
10:07,352.06,204,1
10:08,352.09,482,0
10:08,352.1,260,0
10:08,352.77,182,0
10:08,352.27,177,1
10:08,352.98,257,0
10:08,352.77,253,1
10:08,352.77,165,1
10:08,353.0,141,0
10:08,353.24,514,0
10:08,353.52,48,0
10:08,353.75,203,0
10:08,353.14,371,1
10:08,353.51,171,0
10:08,353.14,193,0
10:08,352.75,148,1
10:08,352.66,141,1
10:08,352.59,118,1
10:08,352.73,86,1
10:08,352.15,286,1
10:08,352.2,91,1
10:08,352.91,35,0
10:09,353.01,90,0
10:09,353.34,90,0
10:09,353.45,272,0
10:09,353.33,97,1
10:09,353.44,100,0
10:09,353.77,269,0
10:09,353.75,68,1
10:09,353.78,195,0
10:09,351.0,303,1
10:09,353.61,68,0
10:09,353.51,107,1
10:09,353.0,32,1
10:09,353.35,232,0
10:09,353.0,40,0
10:09,352.28,50,1
10:09,352.22,584,1
10:09,352.28,42,1
10:09,352.28,28,1
10:09,352.5,117,0
10:10,352.28,268,1
10:10,352.5,61,0
10:10,352.5,163,0
10:10,352.33,96,1
10:10,352.08,39,1
10:10,352.0,46,1
10:10,352.08,225,1
10:10,352.27,47,0
10:10,352.29,128,0
10:10,352.26,251,1
10:10,352.45,416,0
10:10,352.45,105,1
10:10,352.0,217,1
10:10,352.45,67,0
10:10,352.04,13,1
10:10,352.04,67,1
10:10,352.0,255,1
10:10,352.01,54,0
10:10,351.0,182,1
10:10,351.56,84,0
10:11,351.89,33,0
10:11,351.2,67,1
10:11,351.45,81,1
10:11,351.66,96,0
10:11,351.55,85,1
10:11,351.42,55,1
10:11,351.47,63,1
10:11,351.48,48,1
10:11,351.59,28,0
10:11,351.66,85,1
10:11,352.0,39,0
10:11,352.5,40,0
10:11,352.52,29,1
10:11,353.0,60,0
10:11,353.0,56,1
10:11,353.0,21,1
10:11,353.0,46,1
10:11,352.98,50,1
10:11,352.94,46,0
10:11,352.5,97,1
10:11,352.75,45,0
10:12,352.52,20,0
10:12,352.96,48,0
10:12,352.58,41,1
10:12,352.96,40,0
10:12,352.93,64,1
10:12,352.91,108,0
10:12,352.77,44,1
10:12,352.52,34,1
10:12,352.26,36,1
10:12,352.52,30,0
10:12,352.92,121,0
10:12,352.93,92,1
10:12,352.52,69,1
10:12,352.52,194,1
10:12,352.51,146,0
10:12,352.91,55,0
10:12,353.46,155,0
10:12,353.49,38,0
10:12,353.63,46,0
10:13,353.63,36,1
10:13,353.8,69,0
10:13,353.89,51,0
10:13,354.0,389,0
10:13,354.17,49,0
10:13,354.48,162,0
10:13,354.73,60,0
10:13,354.89,59,0
10:13,354.98,21,0
10:13,354.99,239,0
10:13,354.99,54,0
10:13,355.0,270,0
10:13,354.89,142,1
10:13,354.93,285,0
10:13,355.0,72,0
10:13,354.93,189,1
10:13,354.99,80,0
10:13,355.0,137,0
10:13,355.51,854,0
10:13,356.11,1452,0
10:13,356.26,315,0
10:14,356.29,80,0
10:14,356.31,86,0
10:14,356.3,173,1
10:14,356.45,264,0
10:14,356.3,161,1
10:14,356.45,94,0
10:14,356.35,190,1
10:14,356.35,114,0
10:14,356.3,79,1
10:14,355.94,142,1
10:14,355.51,54,1
10:14,355.15,46,1
10:14,355.17,69,1
10:14,355.53,60,0
10:14,355.22,70,1
10:14,355.5,112,0
10:14,355.49,69,1
10:14,355.22,32,1
10:14,355.15,33,1
10:15,355.17,44,1
10:15,355.21,47,0
10:15,355.0,69,1
10:15,355.0,36,1
10:15,355.0,38,1
10:15,355.0,42,1
10:15,355.0,88,1
10:15,355.1,42,0
10:15,355.02,48,1
10:15,354.93,204,1
10:15,354.93,9,1
10:15,354.93,20,1
10:15,354.9,18,1
10:15,354.78,135,1
10:15,354.81,20,0
10:15,354.92,56,0
10:15,354.92,30,0
10:15,354.99,67,0
10:15,354.81,28,1
10:15,354.93,73,0
10:16,354.92,48,1
10:16,354.94,156,0
10:16,355.0,56,1
10:16,355.0,49,1
10:16,355.13,86,0
10:16,355.13,36,1
10:16,355.15,141,0
10:16,355.27,146,0
10:16,355.5,27,0
10:16,355.77,37,0
10:16,355.98,128,0
10:16,356.0,148,0
10:16,356.15,66,0
10:16,356.15,44,0
10:16,356.2,85,0
10:16,356.29,41,0
10:16,356.24,59,1
10:16,356.3,52,0
10:16,356.38,51,0
10:16,356.35,53,1
10:17,356.47,195,0
10:17,356.38,193,1
10:17,356.38,286,1
10:17,356.5,76,0
10:17,356.88,649,0
10:17,357.29,1147,0
10:17,357.78,390,0
10:17,357.88,107,0
10:17,357.87,159,1
10:17,358.0,607,0
10:17,358.0,89,0
10:17,358.0,763,0
10:17,358.0,333,0
10:17,358.0,329,0
10:17,358.0,414,0
10:17,358.0,314,0
10:17,358.04,748,0
10:17,358.09,504,0
10:17,358.23,57,0
10:17,358.28,179,0
10:17,358.38,87,0
10:18,358.33,97,1
10:18,358.56,500,0
10:18,358.59,205,0
10:18,358.6,432,0
10:18,358.83,707,0
10:18,358.72,808,1
10:18,358.87,233,0
10:18,358.83,271,1
10:18,358.49,822,1
10:18,358.61,254,0
10:18,358.49,139,1
10:18,358.62,75,1
10:18,358.63,91,1
10:18,358.7,101,0
10:18,358.7,197,1
10:18,358.7,108,1
10:18,358.66,99,1
10:18,358.6,140,1
10:18,358.61,145,1
10:19,358.6,79,1
10:19,358.5,153,1
10:19,358.59,179,0
10:19,358.59,122,0
10:19,358.6,195,0
10:19,358.5,114,1
10:19,358.68,105,0
10:19,358.59,65,1
10:19,358.8,162,0
10:19,358.59,110,1
10:19,358.49,118,1
10:19,358.39,100,2
10:19,358.09,71,1
10:19,357.5,140,1
10:19,357.31,72,1
10:19,357.5,64,0
10:19,357.78,59,0
10:19,357.5,42,1
10:19,357.51,91,1
10:19,357.5,182,1
10:20,357.88,119,0
10:20,358.0,146,0
10:20,358.0,214,0
10:20,358.05,110,1
10:20,357.52,131,1
10:20,358.1,109,0
10:20,358.0,144,1
10:20,357.98,160,0
10:20,357.99,90,0
10:20,358.0,212,0
10:20,358.0,291,0
10:20,358.0,242,0
10:20,357.95,64,1
10:20,357.76,88,1
10:20,357.25,203,1
10:20,357.0,246,1
10:20,357.22,97,0
10:20,356.81,69,1
10:20,356.5,49,1
10:20,356.51,184,0
10:21,356.15,90,1
10:21,356.0,170,1
10:21,355.51,134,1
10:21,355.48,56,1
10:21,355.3,289,0
10:21,355.05,83,1
10:21,355.0,124,1
10:21,354.51,397,1
10:21,354.03,80,0
10:21,354.06,90,0
10:21,353.21,267,1
10:21,353.23,51,1
10:21,353.23,103,1
10:21,353.5,255,1
10:21,353.21,95,1
10:21,353.24,145,0
10:21,353.23,417,0
10:21,353.5,75,0
10:21,353.74,36,0
10:21,353.56,75,1
10:21,353.5,124,1
10:22,353.5,94,0
10:22,353.2,277,1
10:22,353.37,75,0
10:22,353.74,79,0
10:22,354.0,41,0
10:22,353.74,112,1
10:22,354.0,75,0
10:22,353.48,562,1
10:22,353.21,258,1
10:22,353.74,108,0
10:22,353.47,82,1
10:22,353.74,77,0
10:22,354.18,41,0
10:22,354.18,92,0
10:22,353.52,35,1
10:22,353.42,102,1
10:22,353.35,118,1
10:22,353.5,86,0
10:22,353.37,56,1
10:23,353.55,274,0
10:23,353.2,230,1
10:23,353.0,236,1
10:23,352.89,166,1
10:23,352.56,337,1
10:23,352.56,47,0
10:23,353.08,123,0
10:23,352.56,73,0
10:23,352.56,70,0
10:23,352.56,123,1
10:23,353.29,135,0
10:23,353.24,263,0
10:23,353.23,115,0
10:23,352.89,39,1
10:23,353.0,269,1
10:23,353.08,40,0
10:23,353.0,34,0
10:23,353.22,200,0
10:23,353.18,15,0
10:23,352.89,115,1
10:24,352.89,38,0
10:24,352.78,76,1
10:24,352.89,64,0
10:24,352.89,55,1
10:24,352.73,235,1
10:24,352.78,90,0
10:24,352.77,92,1
10:24,352.77,127,0
10:24,352.87,53,0
10:24,352.57,143,1
10:24,352.5,84,0
10:24,352.01,57,1
10:24,351.88,203,1
10:24,351.89,41,0
10:24,351.74,262,1
10:24,351.26,249,1
10:24,350.91,173,1
10:24,350.71,280,1
10:24,350.22,169,1
10:24,350.06,117,1
10:24,350.07,128,1
10:25,350.06,457,1
10:25,350.06,295,0
10:25,350.06,154,1
10:25,350.58,118,0
10:25,350.06,132,1
10:25,350.09,68,1
10:25,350.68,52,0
10:25,350.28,591,1
10:25,350.68,111,0
10:25,350.0,349,1
10:25,350.0,450,1
10:25,350.0,86,0
10:25,349.85,96,1
10:25,349.7,87,1
10:25,349.7,119,1
10:25,349.52,656,1
10:25,349.66,296,0
10:25,349.24,364,1
10:25,349.01,332,1
10:26,348.94,567,1
10:26,348.23,66,1
10:26,348.23,241,1
10:26,348.0,137,1
10:26,348.23,392,0
10:26,348.0,480,1
10:26,348.23,615,0
10:26,349.0,320,0
10:26,348.94,201,1
10:26,348.94,139,0
10:26,348.94,66,0
10:26,348.0,541,1
10:26,348.0,82,0
10:26,348.23,661,0
10:26,348.24,498,1
10:26,348.54,59,0
10:26,348.3,211,1
10:26,349.2,515,0
10:26,349.23,99,0
10:26,349.14,293,1
10:27,348.62,128,1
10:27,349.74,132,0
10:27,350.28,786,0
10:27,349.85,222,0
10:27,350.01,58,0
10:27,350.27,232,0
10:27,350.33,86,0
10:27,351.6,234,0
10:27,351.0,347,1
10:27,351.0,65,0
10:27,351.49,74,0
10:27,351.01,51,1
10:27,351.59,48,0
10:27,351.59,241,0
10:27,351.0,72,1
10:27,350.82,81,1
10:27,350.5,65,1
10:27,350.24,290,1
10:27,350.69,93,0
10:27,349.91,35,1
10:27,349.89,301,1
10:28,350.01,83,0
10:28,350.03,44,1
10:28,349.99,253,1
10:28,350.0,109,0
10:28,350.0,50,0
10:28,349.99,466,2
10:28,350.0,29,0
10:28,350.25,48,0
10:28,350.55,48,0
10:28,350.55,18,0
10:28,350.56,298,0
10:28,350.25,65,1
10:28,350.89,49,0
10:28,350.55,37,1
10:28,350.88,309,0
10:28,350.74,42,0
10:28,350.74,26,0
10:28,350.23,303,1
10:28,350.55,121,0
10:29,350.55,115,0
10:29,350.74,48,0
10:29,350.8,232,1
10:29,350.99,50,0
10:29,351.6,261,0
10:29,351.6,282,0
10:29,352.0,101,0
10:29,352.05,31,0
10:29,352.03,45,1
10:29,352.03,41,1
10:29,352.11,96,0
10:29,352.09,55,1
10:29,352.64,102,0
10:29,352.33,257,1
10:29,352.89,42,0
10:29,352.88,27,1
10:29,352.89,31,0
10:29,352.88,187,1
10:29,353.0,298,0
10:29,353.36,231,0
10:29,353.36,21,0
10:30,353.2,127,0
10:30,352.99,125,1
10:30,353.19,153,0
10:30,352.88,288,1
10:30,352.89,54,1
10:30,353.36,98,0
10:30,353.33,43,1
10:30,353.36,329,0
10:30,353.3,146,1
10:30,353.3,126,1
10:30,353.0,96,1
10:30,353.36,57,0
10:30,353.58,128,0
10:30,353.66,87,0
10:30,353.83,12,0
10:30,354.48,315,0
10:30,354.52,26,0
10:30,354.75,29,0
10:30,354.77,144,0
10:31,354.21,65,1
10:31,354.22,127,1
10:31,354.22,99,1
10:31,354.23,66,1
10:31,353.66,50,1
10:31,353.63,74,1
10:31,353.57,33,1
10:31,353.57,113,1
10:31,354.19,227,0
10:31,354.45,596,0
10:31,353.54,135,1
10:31,354.19,164,0
10:31,353.57,258,1
10:31,353.51,101,1
10:31,353.51,108,1
10:31,353.51,43,1
10:31,353.57,15,0
10:31,353.57,85,0
10:31,353.64,18,1
10:31,353.87,47,0
10:32,353.64,49,1
10:32,354.09,24,0
10:32,354.45,45,0
10:32,354.78,188,0
10:32,355.0,89,0
10:32,355.0,182,0
10:32,355.0,190,0
10:32,355.0,333,1
10:32,355.03,104,0
10:32,355.0,46,0
10:32,355.03,73,0
10:32,355.5,66,0
10:32,355.29,110,0
10:32,355.49,116,0
10:32,355.0,39,1
10:32,355.01,118,0
10:32,355.0,48,0
10:32,355.3,76,0
10:32,355.3,207,0
10:32,355.0,68,1
10:33,355.3,114,0
10:33,355.01,42,1
10:33,355.3,159,0
10:33,355.31,65,0
10:33,355.88,151,0
10:33,355.84,90,2
10:33,355.9,454,0
10:33,355.9,47,1
10:33,355.5,127,1
10:33,355.9,58,0
10:33,355.9,38,1
10:33,356.15,67,0
10:33,355.88,21,1
10:33,355.52,37,1
10:33,355.53,41,0
10:33,355.53,47,0
10:33,355.9,73,0
10:33,355.87,72,0
10:33,355.8,59,0
10:33,355.8,66,0
10:34,355.6,77,1
10:34,355.46,104,1
10:34,355.36,39,1
10:34,355.42,97,0
10:34,355.15,47,1
10:34,355.05,43,1
10:34,355.05,97,1
10:34,355.0,77,1
10:34,354.76,133,1
10:34,354.76,85,1
10:34,354.69,34,1
10:34,354.73,23,0
10:34,354.34,55,1
10:34,354.18,83,1
10:34,354.18,64,1
10:34,354.33,80,0
10:34,354.5,60,1
10:34,354.71,48,0
10:34,354.7,32,1
10:34,354.5,21,0
10:35,354.5,20,0
10:35,354.11,40,1
10:35,354.0,14,1
10:35,353.88,109,1
10:35,354.0,173,0
10:35,353.63,53,1
10:35,353.66,57,1
10:35,353.52,65,1
10:35,353.52,58,1
10:35,353.48,94,1
10:35,353.31,68,1
10:35,353.31,25,1
10:35,352.88,40,1
10:35,352.86,39,0
10:35,352.69,69,0
10:35,352.88,280,0
10:35,353.14,125,0
10:35,353.32,44,0
10:35,353.61,56,0
10:35,353.63,33,0
10:35,353.61,87,1
10:36,354.0,32,0
10:36,354.18,10,0
10:36,354.0,2,1
10:36,353.9,39,1
10:36,353.6,32,1
10:36,353.61,40,0
10:36,353.9,95,0
10:36,354.0,55,0
10:36,354.14,68,0
10:36,353.87,32,0
10:36,353.97,22,0
10:36,352.33,233,1
10:36,353.9,101,0
10:36,353.87,181,0
10:36,353.33,81,1
10:36,353.87,32,0
10:36,353.05,19,1
10:36,353.1,24,0
10:36,353.11,21,1
10:37,353.2,280,1
10:37,353.0,58,1
10:37,352.91,19,0
10:37,352.23,237,1
10:37,352.77,9,0
10:37,352.77,64,0
10:37,351.1,61,1
10:37,352.11,226,0
10:37,352.14,25,0
10:37,352.13,56,1
10:37,352.29,65,0
10:37,352.12,258,1
10:37,352.0,201,0
10:37,350.0,273,1
10:37,350.9,67,1
10:37,350.09,26,1
10:37,350.09,34,1
10:37,350.17,651,1
10:37,350.18,29,1
10:37,350.17,97,1
10:38,350.0,176,1
10:38,349.52,340,1
10:38,349.42,239,1
10:38,349.3,71,1
10:38,349.02,110,1
10:38,349.5,231,0
10:38,349.0,33,0
10:38,349.46,94,0
10:38,349.09,61,1
10:38,349.02,264,1
10:38,349.99,95,0
10:38,349.27,257,1
10:38,349.26,266,1
10:38,349.12,52,1
10:38,348.0,342,1
10:38,349.1,65,0
10:38,349.1,154,1
10:38,349.3,115,0
10:38,349.51,121,0
10:38,349.3,29,1
10:39,349.1,522,1
10:39,349.32,52,0
10:39,349.33,25,1
10:39,349.88,56,0
10:39,350.15,99,0
10:39,349.79,267,1
10:39,349.32,57,1
10:39,349.6,54,0
10:39,349.6,315,0
10:39,349.32,32,1
10:39,349.32,98,1
10:39,349.31,173,0
10:39,349.1,71,0
10:39,348.83,49,1
10:39,348.81,257,1
10:39,348.8,59,0
10:39,348.8,77,0
10:39,348.74,246,1
10:39,348.8,114,1
10:39,349.5,243,0
10:40,348.82,20,1
10:40,348.84,162,1
10:40,348.86,284,1
10:40,348.8,107,1
10:40,348.38,104,1
10:40,348.38,47,0
10:40,348.4,37,1
10:40,348.39,56,1
10:40,348.38,76,1
10:40,348.37,81,1
10:40,348.25,124,1
10:40,348.25,317,0
10:40,348.16,62,1
10:40,347.64,40,1
10:40,347.68,133,1
10:40,347.5,310,1
10:40,347.16,39,1
10:40,347.16,90,1
10:40,347.3,415,1
10:40,347.21,170,1
10:41,347.68,84,0
10:41,347.3,191,1
10:41,347.31,353,1
10:41,347.52,72,0
10:41,347.68,323,0
10:41,347.5,243,1
10:41,347.55,67,0
10:41,347.73,57,0
10:41,347.34,284,1
10:41,347.42,126,1
10:41,347.2,241,1
10:41,346.96,81,0
10:41,346.38,34,1
10:41,346.37,238,1
10:41,346.41,56,1
10:41,346.37,104,1
10:41,346.49,125,1
10:41,346.4,301,1
10:41,346.4,92,0
10:41,346.46,148,1
10:42,346.41,274,1
10:42,346.73,138,0
10:42,346.73,365,1
10:42,346.4,389,1
10:42,346.73,145,0
10:42,346.71,87,0
10:42,346.22,81,1
10:42,346.22,100,1
10:42,346.22,134,1
10:42,346.03,44,1
10:42,346.0,106,1
10:42,345.31,332,1
10:42,345.31,58,1
10:42,345.49,176,0
10:42,345.01,339,1
10:42,345.1,200,1
10:42,345.74,195,0
10:42,345.04,547,1
10:42,345.1,123,1
10:42,345.0,138,1
10:43,345.1,205,0
10:43,345.42,239,0
10:43,345.49,326,1
10:43,346.08,306,0
10:43,346.4,30,0
10:43,346.05,128,1
10:43,346.32,146,0
10:43,346.4,76,0
10:43,346.06,86,1
10:43,346.8,326,0
10:43,346.8,52,1
10:43,347.38,14,0
10:43,347.38,87,0
10:43,347.38,70,1
10:43,347.94,145,0
10:43,347.8,74,0
10:43,347.79,252,0
10:43,347.31,129,1
10:43,347.87,120,0
10:43,347.38,244,1
10:44,347.8,57,0
10:44,347.39,239,1
10:44,347.32,66,1
10:44,347.29,133,1
10:44,345.01,227,1
10:44,347.32,122,0
10:44,346.78,49,1
10:44,346.77,26,1
10:44,346.77,91,1
10:44,347.26,216,0
10:44,347.14,57,1
10:44,347.25,79,1
10:44,346.97,242,1
10:44,346.96,28,2
10:44,347.26,272,0
10:44,347.27,85,1
10:44,347.06,35,1
10:44,347.0,55,1
10:44,347.24,34,1
10:44,347.48,37,0
10:44,347.24,100,1
10:45,346.73,273,1
10:45,347.01,73,0
10:45,347.48,141,0
10:45,347.39,100,1
10:45,347.35,279,1
10:45,347.26,47,1
10:45,347.04,78,1
10:45,347.2,30,0
10:45,347.01,272,1
10:45,346.83,28,0
10:45,347.0,45,0
10:45,346.01,212,1
10:45,346.68,91,0
10:45,346.42,305,1
10:45,346.39,76,0
10:45,346.47,43,0
10:45,346.41,44,1
10:45,346.4,57,1
10:45,346.42,76,0
10:45,346.01,307,1
10:46,346.02,76,0
10:46,346.41,273,0
10:46,346.69,108,0
10:46,346.42,416,0
10:46,345.0,267,1
10:46,346.03,128,0
10:46,345.51,151,1
10:46,345.96,32,0
10:46,345.51,115,1
10:46,345.51,266,0
10:46,345.16,52,1
10:46,345.51,15,0
10:46,345.18,34,1
10:46,345.51,52,0
10:46,345.49,77,0
10:46,345.15,47,1
10:46,345.09,38,1
10:46,345.03,162,1
10:46,345.18,122,0
10:47,345.09,116,1
10:47,345.6,45,0
10:47,345.54,157,1
10:47,345.54,75,1
10:47,345.36,83,1
10:47,345.98,156,0
10:47,345.36,236,1
10:47,345.6,26,1
10:47,346.0,116,0
10:47,345.62,81,1
10:47,346.26,224,0
10:47,345.6,132,1
10:47,345.62,36,1
10:47,345.3,223,1
10:47,345.97,35,0
10:47,345.58,53,1
10:47,344.8,231,1
10:47,345.47,27,0
10:47,345.58,73,1
10:47,345.63,247,0
10:48,346.05,121,0
10:48,346.28,254,0
10:48,346.04,26,1
10:48,345.5,293,1
10:48,346.0,124,0
10:48,346.0,52,0
10:48,346.5,112,0
10:48,346.88,32,0
10:48,347.03,56,0
10:48,347.03,37,0
10:48,346.89,77,1
10:48,346.89,127,0
10:48,346.99,91,1
10:48,346.97,103,0
10:48,346.72,251,1
10:48,346.97,61,0
10:48,346.89,35,0
10:48,346.95,248,0
10:48,346.84,104,0
10:48,347.3,87,0
10:49,347.04,45,1
10:49,347.11,301,1
10:49,347.11,207,1
10:49,346.93,39,1
10:49,346.72,52,1
10:49,346.62,39,1
10:49,346.61,34,0
10:49,346.61,28,0
10:49,346.43,37,1
10:49,346.61,40,0
10:49,346.36,62,1
10:49,346.66,68,0
10:49,346.61,96,1
10:49,346.9,50,0
10:49,346.99,60,1
10:49,346.74,60,1
10:49,346.62,32,1
10:49,346.86,54,0
10:49,346.85,231,0
10:49,345.88,36,1
10:50,345.96,24,0
10:50,345.79,42,1
10:50,345.88,51,0
10:50,346.0,117,1
10:50,345.7,273,1
10:50,345.69,97,0
10:50,345.88,223,0
10:50,345.71,48,1
10:50,345.69,110,1
10:50,345.49,31,1
10:50,345.25,85,1
10:50,345.35,161,0
10:50,345.25,397,1
10:50,345.29,55,0
10:50,345.25,128,1
10:50,345.37,52,0
10:50,345.37,95,1
10:50,346.87,100,0
10:50,346.8,72,0
10:50,345.47,241,1
10:51,345.67,114,0
10:51,345.73,79,0
10:51,345.73,47,1
10:51,345.73,76,1
10:51,345.73,70,1
10:51,345.51,46,1
10:51,345.66,402,0
10:51,345.46,113,0
10:51,345.46,50,0
10:51,345.02,38,1
10:51,345.47,92,0
10:51,345.06,35,1
10:51,345.99,101,0
10:51,346.51,96,0
10:51,346.61,37,0
10:51,346.49,100,0
10:51,345.81,58,1
10:51,345.73,17,1
10:51,345.71,23,0
10:51,345.81,77,0
10:51,345.81,55,0
10:52,346.0,161,0
10:52,346.2,51,0
10:52,346.2,10,1
10:52,346.09,110,1
10:52,346.61,155,0
10:52,346.61,56,0
10:52,346.72,49,0
10:52,346.27,52,1
10:52,346.8,67,0
10:52,346.5,279,1
10:52,346.63,66,1
10:52,346.59,12,1
10:52,346.59,27,1
10:52,346.65,40,0
10:52,346.65,39,0
10:52,346.64,18,0
10:52,346.65,149,0
10:52,346.65,92,1
10:52,347.19,29,0
10:52,347.15,41,1
10:53,346.8,100,1
10:53,346.57,125,1
10:53,346.65,84,0
10:53,346.33,130,1
10:53,346.55,219,0
10:53,346.55,57,1
10:53,346.55,36,1
10:53,346.28,78,1
10:53,345.98,122,1
10:53,345.88,12,1
10:53,345.88,71,0
10:53,346.0,48,0
10:53,346.35,37,0
10:53,345.89,128,1
10:53,346.28,30,1
10:53,346.29,169,0
10:53,346.98,20,0
10:53,346.56,72,1
10:53,346.75,65,1
10:54,346.75,102,0
10:54,346.82,118,0
10:54,347.0,42,0
10:54,347.26,49,0
10:54,347.5,99,0
10:54,347.99,94,0
10:54,347.98,72,0
10:54,347.59,90,1
10:54,347.81,54,0
10:54,347.89,19,0
10:54,347.9,61,0
10:54,347.81,27,0
10:54,347.88,38,0
10:54,348.23,184,0
10:54,347.97,16,0
10:54,348.37,118,0
10:54,348.02,15,1
10:54,348.98,51,0
10:54,348.37,74,1
10:54,348.37,27,0
10:55,348.37,69,0
10:55,348.36,61,0
10:55,348.31,30,0
10:55,348.37,94,0
10:55,348.48,40,0
10:55,348.82,9,0
10:55,348.8,35,1
10:55,348.55,63,1
10:55,348.82,34,0
10:55,348.55,74,1
10:55,348.55,53,0
10:55,348.55,55,1
10:55,348.54,38,0
10:55,348.58,55,0
10:55,348.79,64,0
10:55,348.76,31,1
10:55,349.04,147,0
10:55,349.6,37,0
10:55,349.6,36,0
10:55,349.93,32,0
10:56,349.92,19,0
10:56,349.6,19,1
10:56,350.1,187,0
10:56,350.11,42,1
10:56,350.38,83,0
10:56,350.38,57,0
10:56,350.12,45,1
10:56,350.38,18,0
10:56,350.08,83,1
10:56,350.7,60,0
10:56,350.5,61,0
10:56,350.7,80,1
10:56,350.7,30,0
10:56,350.96,116,0
10:56,350.35,74,1
10:56,350.22,21,1
10:56,350.68,76,0
10:56,350.67,63,0
10:56,350.39,49,0
10:56,350.61,36,0
10:57,350.6,33,0
10:57,350.08,78,1
10:57,349.98,63,1
10:57,349.25,49,1
10:57,349.03,32,1
10:57,348.87,42,1
10:57,348.88,50,1
10:57,348.88,25,0
10:57,349.11,42,0
10:57,349.49,39,0
10:57,349.32,29,1
10:57,349.49,41,0
10:57,349.59,20,0
10:57,349.81,75,0
10:57,349.5,25,1
10:57,349.49,27,1
10:57,349.55,67,0
10:57,349.32,37,1
10:57,349.01,69,1
10:57,349.25,75,0
10:57,349.25,64,1
10:58,349.25,47,0
10:58,349.01,29,1
10:58,349.25,27,0
10:58,349.87,120,0
10:58,349.8,106,1
10:58,349.79,47,0
10:58,349.93,28,0
10:58,349.87,3,0
10:58,349.93,119,1
10:58,350.28,41,0
10:58,349.98,26,1
10:58,350.04,12,1
10:58,349.96,16,1
10:58,350.23,41,0
10:58,350.0,22,1
10:58,350.0,13,0
10:58,349.94,124,1
10:58,349.5,72,1
10:58,349.37,44,1
10:58,349.48,102,0
10:59,349.49,8,0
10:59,349.4,97,1
10:59,349.53,56,1
10:59,349.49,73,1
10:59,349.97,31,0
10:59,349.98,7,0
10:59,350.0,62,0
10:59,350.01,17,1
10:59,350.07,35,1
10:59,350.0,49,1
10:59,350.49,43,0
10:59,350.49,15,0
10:59,350.49,49,1
10:59,350.49,43,1
10:59,350.45,11,0
10:59,350.46,34,0
10:59,350.46,15,0
10:59,350.2,32,1
10:59,350.46,38,0
11:00,350.46,46,0
11:00,350.46,26,0
11:00,350.18,212,1
11:00,349.56,15,1
11:00,349.58,29,1
11:00,349.57,23,0
11:00,350.0,43,0
11:00,349.58,79,1
11:00,350.0,91,0
11:00,350.0,23,1
11:00,349.58,41,1
11:00,349.58,29,1
11:00,349.98,31,0
11:00,349.58,17,1
11:00,349.58,23,1
11:00,349.57,19,1
11:00,349.58,12,0
11:00,349.57,50,2
11:00,349.78,24,0
11:00,349.91,17,0
11:00,350.07,362,0
11:01,350.6,175,0
11:01,350.65,61,0
11:01,350.98,58,0
11:01,351.29,163,0
11:01,351.6,31,0
11:01,351.7,8,0
11:01,352.03,110,0
11:01,352.14,72,0
11:01,352.58,116,0
11:01,352.42,139,0
11:01,352.58,51,0
11:01,352.13,73,1
11:01,351.5,88,1
11:01,352.61,62,0
11:01,351.8,34,0
11:01,351.41,36,1
11:01,351.8,65,1
11:01,351.4,82,1
11:01,352.29,38,0
11:02,351.8,28,1
11:02,351.8,61,0
11:02,351.8,48,1
11:02,352.14,57,0
11:02,351.8,48,1
11:02,351.9,74,0
11:02,351.9,31,1
11:02,352.14,41,0
11:02,352.13,34,1
11:02,352.13,37,0
11:02,351.8,28,1
11:02,351.99,154,0
11:02,352.0,46,0
11:02,351.8,57,0
11:02,351.39,82,1
11:02,351.01,58,1
11:02,351.01,29,1
11:02,351.01,60,1
11:02,351.35,22,0
11:02,351.44,32,0
11:03,351.82,32,0
11:03,351.82,35,0
11:03,351.5,33,0
11:03,351.3,190,1
11:03,351.44,60,0
11:03,351.76,57,0
11:03,351.76,58,0
11:03,351.76,46,0
11:03,351.06,88,1
11:03,351.36,10,0
11:03,351.36,43,1
11:03,351.0,76,1
11:03,350.53,31,1
11:03,350.51,47,1
11:03,350.52,36,1
11:03,350.52,42,1
11:03,350.52,18,0
11:03,350.52,57,0
11:03,350.47,72,1
11:03,350.52,23,1
11:03,350.48,26,1
11:04,350.53,43,0
11:04,351.18,73,0
11:04,350.9,20,1
11:04,351.5,18,0
11:04,351.91,82,0
11:04,351.81,119,1
11:04,351.5,40,1
11:04,352.13,27,0
11:04,352.44,94,0
11:04,352.3,83,1
11:04,352.3,36,1
11:04,352.3,103,1
11:04,352.3,29,0
11:04,352.27,42,0
11:04,352.27,77,0
11:04,351.57,33,1
11:04,352.21,80,0
11:04,352.17,53,1
11:04,351.65,32,1
11:04,352.0,20,0
11:05,352.17,31,0
11:05,352.47,232,0
11:05,352.62,62,0
11:05,352.87,28,0
11:05,353.0,61,0
11:05,353.19,160,0
11:05,353.48,26,0
11:05,354.24,241,0
11:05,354.46,98,0
11:05,354.77,89,0
11:05,354.81,87,0
11:05,355.02,734,0
11:05,354.81,270,1
11:05,354.97,224,0
11:05,355.18,143,0
11:05,355.32,41,0
11:05,355.4,36,0
11:05,355.51,157,0
11:05,355.52,56,0
11:06,355.52,103,1
11:06,355.59,118,0
11:06,355.72,161,0
11:06,355.86,494,0
11:06,356.44,425,0
11:06,356.88,116,0
11:06,357.19,380,0
11:06,357.69,94,0
11:06,357.78,91,0
11:06,357.97,465,0
11:06,358.0,366,0
11:06,358.0,511,0
11:06,357.9,343,1
11:06,358.04,222,0
11:06,358.05,150,2
11:06,358.23,131,0
11:06,358.57,486,0
11:06,358.87,694,0
11:06,358.88,360,0
11:06,358.94,166,0
11:07,358.96,80,0
11:07,358.98,111,0
11:07,359.22,2989,0
11:07,359.39,333,0
11:07,359.32,495,1
11:07,359.39,503,0
11:07,359.28,93,0
11:07,359.0,127,1
11:07,358.88,738,1
11:07,358.87,175,0
11:07,358.3,86,1
11:07,358.58,201,0
11:07,358.73,326,0
11:07,358.73,194,1
11:07,358.35,231,1
11:07,358.81,103,0
11:07,358.85,109,0
11:07,359.2,304,0
11:07,359.35,323,0
11:07,359.96,2003,0
11:07,359.97,1117,1
11:08,360.0,566,0
11:08,359.99,789,2
11:08,359.99,718,1
11:08,360.0,463,0
11:08,359.8,407,1
11:08,359.83,251,0
11:08,359.96,174,0
11:08,359.61,225,1
11:08,360.05,2173,0
11:08,360.77,553,0
11:08,360.96,598,0
11:08,361.11,133,0
11:08,361.5,110,0
11:08,361.81,240,0
11:08,361.86,650,0
11:08,362.0,144,0
11:08,361.87,233,1
11:08,362.0,366,0
11:08,362.21,68,0
11:08,362.15,127,1
11:09,362.2,731,0
11:09,362.0,250,0
11:09,361.8,215,1
11:09,362.03,273,0
11:09,362.16,304,0
11:09,362.15,163,1
11:09,362.16,228,0
11:09,362.0,258,1
11:09,362.0,206,0
11:09,362.0,231,1
11:09,362.0,138,1
11:09,361.79,116,1
11:09,362.0,544,0
11:09,362.3,884,0
11:09,362.29,170,1
11:09,362.17,71,1
11:09,362.29,124,0
11:09,362.16,95,1
11:09,362.29,413,0
11:10,362.19,168,1
11:10,361.99,770,1
11:10,361.34,163,1
11:10,361.04,72,1
11:10,361.4,176,0
11:10,361.36,160,1
11:10,361.13,35,1
11:10,361.11,135,1
11:10,361.11,143,1
11:10,361.13,291,0
11:10,361.1,82,1
11:10,361.1,99,0
11:10,361.03,67,0
11:10,361.03,82,0
11:10,361.03,160,0
11:10,361.0,96,1
11:10,361.03,141,0
11:10,360.99,204,0
11:10,360.92,109,1
11:10,360.92,98,0
11:10,360.92,67,1
11:11,360.6,81,1
11:11,360.58,150,1
11:11,360.67,496,0
11:11,361.01,292,0
11:11,361.01,210,1
11:11,361.01,100,1
11:11,360.95,229,1
11:11,361.11,267,0
11:11,361.21,126,0
11:11,361.54,258,0
11:11,361.8,54,0
11:11,361.99,76,0
11:11,362.03,275,0
11:11,362.15,113,0
11:11,362.16,139,0
11:11,362.15,161,1
11:11,361.79,276,1
11:11,361.41,333,1
11:11,361.41,260,0
11:12,361.41,85,1
11:12,361.42,191,1
11:12,361.68,55,0
11:12,361.5,68,1
11:12,361.41,252,1
11:12,360.7,138,1
11:12,360.92,37,0
11:12,360.11,54,1
11:12,360.05,115,1
11:12,359.87,109,1
11:12,359.49,63,1
11:12,359.76,69,0
11:12,359.5,76,0
11:12,359.76,355,0
11:12,359.77,101,1
11:12,359.57,77,1
11:12,359.68,161,0
11:12,360.0,94,0
11:12,359.68,167,1
11:12,359.79,109,1
11:13,359.68,70,1
11:13,359.68,87,0
11:13,359.68,78,0
11:13,359.59,55,1
11:13,359.59,99,1
11:13,359.47,36,1
11:13,359.23,116,1
11:13,359.18,103,1
11:13,359.18,42,1
11:13,359.13,56,0
11:13,359.08,67,1
11:13,358.93,63,1
11:13,358.86,58,1
11:13,358.9,27,0
11:13,358.9,230,0
11:13,359.3,117,0
11:13,359.26,53,1
11:13,359.3,49,1
11:13,359.6,56,0
11:13,359.61,66,0
11:14,359.6,102,1
11:14,359.46,68,1
11:14,359.9,152,0
11:14,360.5,343,0
11:14,361.0,57,0
11:14,361.0,113,0
11:14,360.68,143,1
11:14,360.68,134,0
11:14,360.99,146,0
11:14,361.0,94,0
11:14,361.02,42,1
11:14,361.49,130,0
11:14,361.34,228,1
11:14,361.68,157,0
11:14,361.8,116,0
11:14,362.08,455,0
11:14,362.1,81,0
11:14,362.16,151,0
11:14,362.2,160,0
11:14,362.58,573,0
11:14,362.77,513,0
11:15,362.88,102,0
11:15,362.99,210,0
11:15,363.06,998,0
11:15,363.27,167,0
11:15,363.33,97,0
11:15,363.39,136,0
11:15,363.49,222,0
11:15,363.32,388,1
11:15,363.28,204,0
11:15,363.32,235,0
11:15,363.36,117,0
11:15,363.49,510,0
11:15,363.5,174,0
11:15,363.48,591,1
11:15,363.46,112,0
11:15,363.03,187,1
11:15,363.2,248,0
11:15,363.01,83,1
11:15,363.0,121,2
11:16,363.23,278,0
11:16,363.01,159,1
11:16,363.23,115,0
11:16,363.43,214,0
11:16,363.5,152,0
11:16,363.43,310,1
11:16,363.63,74,0
11:16,363.63,39,1
11:16,363.81,193,0
11:16,363.89,102,0
11:16,363.94,49,0
11:16,363.98,183,0
11:16,364.0,111,0
11:16,363.91,106,1
11:16,364.28,43,0
11:16,364.3,59,0
11:16,364.0,73,1
11:16,363.94,249,1
11:16,364.0,136,0
11:16,363.98,98,0
11:16,364.27,54,0
11:17,364.3,449,0
11:17,364.89,146,0
11:17,364.95,49,0
11:17,364.95,160,0
11:17,365.0,155,0
11:17,364.95,87,1
11:17,364.95,737,0
11:17,364.96,247,0
11:17,364.9,185,1
11:17,364.61,184,1
11:17,364.6,180,1
11:17,364.6,112,1
11:17,364.36,369,1
11:17,364.6,125,0
11:17,364.57,371,1
11:17,364.76,178,1
11:17,364.96,458,0
11:17,365.08,708,0
11:17,365.1,35,0
11:18,365.23,93,0
11:18,365.15,438,1
11:18,365.23,61,1
11:18,365.35,81,0
11:18,365.3,230,2
11:18,365.3,75,0
11:18,365.36,105,0
11:18,365.36,61,1
11:18,365.38,291,0
11:18,365.48,66,0
11:18,365.5,116,0
11:18,365.56,77,0
11:18,365.61,63,0
11:18,365.61,42,1
11:18,365.68,115,0
11:18,365.76,150,0
11:18,365.6,169,1
11:18,365.83,129,0
11:18,365.6,218,1
11:18,365.15,552,1
11:18,365.29,267,0
11:19,365.4,102,0
11:19,365.29,94,1
11:19,365.52,46,0
11:19,365.59,94,0
11:19,365.76,57,0
11:19,365.76,194,0
11:19,365.8,107,0
11:19,365.94,140,0
11:19,365.99,321,0
11:19,366.0,294,0
11:19,366.13,423,0
11:19,366.66,265,0
11:19,366.87,197,0
11:19,366.38,208,1
11:19,366.66,209,0
11:19,366.99,323,0
11:19,367.11,235,0
11:19,367.11,106,1
11:19,366.67,432,1
11:20,366.68,394,0
11:20,367.16,135,0
11:20,367.17,140,1
11:20,367.16,218,1
11:20,367.03,47,0
11:20,367.14,338,0
11:20,367.03,178,1
11:20,366.8,218,1
11:20,366.69,38,0
11:20,366.11,82,1
11:20,366.01,139,1
11:20,366.01,190,1
11:20,366.31,424,2
11:20,366.31,157,0
11:20,366.31,117,1
11:20,366.64,157,0
11:20,366.66,135,1
11:20,367.0,98,0
11:20,366.7,126,1
11:20,367.09,90,0
11:21,367.16,158,0
11:21,367.69,92,0
11:21,367.68,64,0
11:21,367.69,31,0
11:21,367.68,75,1
11:21,367.89,444,0
11:21,367.89,147,1
11:21,368.0,270,0
11:21,367.89,172,1
11:21,367.91,266,1
11:21,367.91,199,0
11:21,368.0,460,0
11:21,368.1,116,0
11:21,368.11,76,0
11:21,368.22,77,0
11:21,368.25,38,0
11:21,368.31,63,0
11:21,368.34,387,1
11:21,368.25,118,0
11:21,368.33,139,0
11:22,368.34,103,1
11:22,368.48,131,0
11:22,368.6,180,0
11:22,368.68,77,0
11:22,368.3,300,1
11:22,368.31,155,0
11:22,368.48,180,0
11:22,368.5,226,0
11:22,368.77,121,0
11:22,368.8,151,0
11:22,368.81,99,0
11:22,368.83,345,1
11:22,368.32,420,1
11:22,368.38,45,0
11:22,368.68,284,0
11:22,368.79,198,0
11:22,368.86,142,0
11:22,368.79,180,1
11:22,368.88,164,0
11:22,368.15,233,1
11:23,368.09,356,1
11:23,368.08,167,0
11:23,367.51,111,1
11:23,368.0,141,0
11:23,367.01,87,1
11:23,367.0,114,0
11:23,367.52,74,0
11:23,367.08,124,1
11:23,367.01,47,0
11:23,367.01,82,1
11:23,367.0,105,0
11:23,367.02,190,0
11:23,367.03,117,1
11:23,367.04,91,1
11:23,367.03,75,1
11:23,367.03,331,1
11:23,367.0,107,1
11:23,367.01,176,0
11:23,367.22,297,0
11:23,367.22,132,1
11:24,367.73,111,0
11:24,367.98,81,0
11:24,367.26,70,1
11:24,367.98,81,0
11:24,367.99,205,1
11:24,367.99,49,0
11:24,367.5,105,1
11:24,367.5,24,0
11:24,367.31,94,1
11:24,367.29,99,1
11:24,367.29,76,1
11:24,367.03,39,1
11:24,367.01,148,1
11:24,367.23,373,0
11:24,367.01,124,1
11:24,367.01,65,0
11:24,368.02,224,0
11:24,367.99,233,1
11:24,368.51,109,0
11:24,368.47,63,0
11:25,367.38,80,1
11:25,368.0,91,0
11:25,368.52,37,1
11:25,368.86,234,0
11:25,368.52,93,1
11:25,368.86,145,0
11:25,368.42,94,1
11:25,368.52,99,0
11:25,368.51,139,0
11:25,368.49,62,0
11:25,368.52,121,0
11:25,367.36,310,1
11:25,367.46,343,1
11:25,368.49,94,0
11:25,368.26,59,1
11:25,367.45,86,1
11:25,367.46,33,0
11:25,367.45,85,1
11:25,367.35,73,1
11:25,367.34,66,0
11:25,367.41,90,0
11:26,367.01,79,1
11:26,367.0,156,1
11:26,366.68,160,1
11:26,367.0,59,0
11:26,366.68,147,1
11:26,366.68,116,1
11:26,366.68,283,1
11:26,366.5,105,1
11:26,366.4,17,1
11:26,366.39,85,0
11:26,366.34,310,1
11:26,366.27,98,0
11:26,366.34,164,0
11:26,366.0,146,1
11:26,366.05,138,0
11:26,366.0,107,1
11:26,365.97,79,1
11:26,365.95,101,1
11:26,365.95,56,1
11:26,365.86,67,1
11:27,365.61,146,1
11:27,365.63,92,1
11:27,365.68,86,0
11:27,365.84,115,0
11:27,365.68,64,1
11:27,365.67,163,0
11:27,365.84,97,0
11:27,365.79,162,0
11:27,365.85,167,0
11:27,365.81,115,1
11:27,365.91,57,0
11:27,365.92,333,1
11:27,366.32,126,0
11:27,366.5,77,0
11:27,366.65,49,0
11:27,366.27,84,1
11:27,366.76,100,0
11:27,366.78,206,1
11:27,366.79,70,1
11:28,367.4,99,0
11:28,366.32,66,0
11:28,366.6,25,1
11:28,366.2,114,1
11:28,365.96,59,1
11:28,365.38,122,1
11:28,365.37,127,1
11:28,365.3,64,1
11:28,365.31,68,0
11:28,365.0,30,1
11:28,365.0,35,1
11:28,365.0,40,1
11:28,365.0,47,0
11:28,365.0,61,0
11:28,365.0,38,1
11:28,364.6,68,1
11:28,364.6,35,0
11:28,364.51,120,1
11:28,364.89,127,0
11:28,364.56,144,1
11:28,364.58,47,1
11:29,364.58,125,1
11:29,364.59,83,0
11:29,364.89,37,0
11:29,364.9,41,1
11:29,364.73,22,1
11:29,364.88,63,1
11:29,364.91,199,1
11:29,364.9,364,1
11:29,364.73,102,1
11:29,364.91,150,0
11:29,364.96,64,0
11:29,365.93,63,0
11:29,365.74,44,0
11:29,365.44,54,1
11:29,365.74,25,0
11:29,365.92,94,0
11:29,366.14,66,0
11:29,366.15,90,1
11:29,366.15,29,1
11:29,365.45,59,1
13:00,366.14,195,0
13:00,366.14,130,1
13:00,366.99,1221,0
13:00,365.46,304,1
13:00,366.88,324,0
13:00,367.95,446,0
13:00,368.0,312,0
13:00,368.0,72,1
13:00,368.11,183,0
13:00,368.35,434,0
13:00,368.0,212,1
13:00,367.82,583,1
13:00,367.82,352,0
13:00,367.56,360,1
13:00,365.78,234,1
13:00,367.0,353,0
13:00,365.99,435,1
13:00,367.0,254,0
13:00,367.0,336,0
13:01,367.0,180,0
13:01,367.0,64,0
13:01,367.2,136,0
13:01,367.0,99,1
13:01,367.0,120,0
13:01,366.05,79,1
13:01,366.07,61,1
13:01,366.09,62,1
13:01,366.86,89,0
13:01,366.86,133,0
13:01,366.64,111,1
13:01,366.01,92,1
13:01,365.89,121,1
13:01,366.01,39,0
13:01,366.0,314,1
13:01,365.5,77,1
13:01,365.5,76,1
13:01,365.35,217,1
13:01,364.58,106,1
13:01,364.56,129,1
13:02,364.51,73,1
13:02,364.6,78,1
13:02,364.95,138,0
13:02,364.95,80,1
13:02,363.13,1071,1
13:02,363.13,194,0
13:02,363.23,250,0
13:02,363.87,73,0
13:02,364.0,140,0
13:02,364.55,47,0
13:02,364.84,66,0
13:02,365.35,71,0
13:02,365.39,49,0
13:02,365.84,75,0
13:02,366.01,267,0
13:02,366.44,143,0
13:02,365.35,140,1
13:02,365.64,71,0
13:02,365.72,148,0
13:02,365.72,154,1
13:03,365.62,334,1
13:03,365.64,142,0
13:03,365.64,116,1
13:03,365.35,81,1
13:03,365.23,77,0
13:03,365.0,111,1
13:03,365.0,36,0
13:03,364.56,74,1
13:03,364.55,122,1
13:03,364.5,46,1
13:03,364.5,74,1
13:03,364.46,77,0
13:03,363.99,227,1
13:03,364.0,47,0
13:03,364.0,48,0
13:03,363.99,78,1
13:03,363.96,67,1
13:03,363.95,48,1
13:03,363.91,60,1
13:03,363.96,60,0
13:04,363.82,59,1
13:04,363.91,174,0
13:04,363.95,77,0
13:04,363.9,64,1
13:04,363.9,91,1
13:04,363.88,30,0
13:04,363.77,109,1
13:04,363.72,66,1
13:04,363.72,82,1
13:04,363.76,106,0
13:04,363.5,127,1
13:04,363.78,179,0
13:04,363.82,154,0
13:04,363.82,50,0
13:04,363.78,140,1
13:04,363.78,231,1
13:04,363.78,160,0
13:04,363.7,44,0
13:04,363.76,128,0
13:04,363.5,84,1
13:04,363.27,80,1
13:05,362.96,266,1
13:05,362.88,138,1
13:05,362.68,112,1
13:05,362.59,82,1
13:05,362.19,140,1
13:05,362.33,88,1
13:05,362.68,168,0
13:05,363.0,159,0
13:05,363.5,98,0
13:05,363.5,42,0
13:05,363.77,126,0
13:05,363.96,477,0
13:05,363.96,169,0
13:05,363.96,152,0
13:05,364.11,117,0
13:05,364.11,70,0
13:05,364.56,45,0
13:05,364.97,53,0
13:05,364.5,115,1
13:05,364.16,65,1
13:06,364.05,67,1
13:06,363.78,162,1
13:06,363.33,48,1
13:06,363.03,39,1
13:06,363.03,215,1
13:06,363.23,88,0
13:06,362.96,56,1
13:06,362.94,62,1
13:06,362.19,86,1
13:06,362.94,74,0
13:06,362.35,96,1
13:06,363.0,94,0
13:06,363.19,137,0
13:06,362.95,226,1
13:06,362.86,138,1
13:06,362.34,214,1
13:06,362.92,132,0
13:06,362.38,241,1
13:06,362.51,194,1
13:07,362.52,35,1
13:07,363.15,292,0
13:07,363.2,219,0
13:07,363.98,73,0
13:07,364.9,146,0
13:07,363.98,194,1
13:07,364.93,128,0
13:07,364.06,374,1
13:07,364.93,57,0
13:07,364.12,160,1
13:07,364.96,19,0
13:07,364.9,78,1
13:07,364.94,146,0
13:07,364.93,351,0
13:07,365.0,196,0
13:07,365.0,49,1
13:07,365.0,183,1
13:07,364.89,181,1
13:07,364.21,53,1
13:07,364.21,132,1
13:08,365.14,119,0
13:08,365.21,47,0
13:08,365.21,96,1
13:08,365.46,62,0
13:08,365.46,159,1
13:08,365.21,106,1
13:08,365.21,102,1
13:08,365.21,30,1
13:08,364.31,255,1
13:08,365.18,139,0
13:08,365.0,133,1
13:08,365.0,130,1
13:08,364.31,75,1
13:08,364.92,126,0
13:08,363.49,93,1
13:08,363.84,43,1
13:08,363.1,87,1
13:08,362.92,83,1
13:08,363.1,24,0
13:08,363.42,66,0
13:08,363.36,92,0
13:09,363.54,54,0
13:09,363.36,34,1
13:09,363.6,83,1
13:09,363.57,60,1
13:09,363.18,65,1
13:09,363.36,35,1
13:09,363.2,42,1
13:09,363.2,46,0
13:09,363.2,24,0
13:09,363.2,71,1
13:09,363.44,22,0
13:09,363.44,40,1
13:09,363.33,165,1
13:09,363.24,45,1
13:09,363.6,71,0
13:09,363.96,50,0
13:09,363.84,71,1
13:09,364.3,16,0
13:09,363.6,77,1
13:10,363.99,29,1
13:10,363.92,76,0
13:10,363.33,142,1
13:10,363.33,339,1
13:10,362.85,65,0
13:10,362.85,84,0
13:10,362.82,115,1
13:10,362.85,18,1
13:10,362.85,30,1
13:10,362.85,92,1
13:10,362.82,90,1
13:10,362.83,53,1
13:10,362.85,95,0
13:10,362.1,283,1
13:10,362.1,319,0
13:10,362.07,72,1
13:10,362.1,569,0
13:10,362.07,164,1
13:10,362.1,64,0
13:10,362.07,61,1
13:11,362.08,16,1
13:11,362.07,116,1
13:11,362.08,53,0
13:11,362.0,103,1
13:11,362.0,114,1
13:11,362.03,58,0
13:11,362.0,74,1
13:11,361.98,54,1
13:11,362.0,44,0
13:11,362.07,300,0
13:11,362.08,72,0
13:11,362.2,18,0
13:11,362.03,453,1
13:11,362.09,48,1
13:11,362.16,53,1
13:11,362.77,96,0
13:11,362.16,183,1
13:11,362.32,79,1
13:11,362.18,84,1
13:11,362.16,33,1
13:12,362.16,20,1
13:12,362.16,80,0
13:12,362.18,39,1
13:12,362.14,83,1
13:12,361.67,320,1
13:12,361.69,43,1
13:12,361.99,24,0
13:12,361.99,30,1
13:12,362.0,34,1
13:12,361.99,14,0
13:12,361.82,52,1
13:12,361.82,38,0
13:12,361.84,24,1
13:12,361.82,40,1
13:12,361.83,178,0
13:12,361.82,30,2
13:12,361.71,56,1
13:12,361.68,28,1
13:12,361.77,39,0
13:12,361.81,28,0
13:12,361.68,28,1
13:13,361.72,35,0
13:13,361.69,152,1
13:13,361.85,28,0
13:13,361.9,68,0
13:13,361.68,56,1
13:13,361.72,57,0
13:13,361.99,51,0
13:13,362.12,67,0
13:13,362.16,81,0
13:13,362.18,77,0
13:13,362.16,43,1
13:13,362.76,71,0
13:13,362.14,80,0
13:13,362.14,30,1
13:13,362.29,62,0
13:13,361.81,56,1
13:13,362.36,38,0
13:13,362.45,27,0
13:13,362.44,64,1
13:14,362.49,129,1
13:14,362.44,112,1
13:14,361.36,226,1
13:14,361.08,129,1
13:14,361.28,184,0
13:14,361.02,28,1
13:14,360.81,37,1
13:14,361.02,40,0
13:14,361.02,57,1
13:14,361.04,79,1
13:14,361.03,128,1
13:14,361.03,54,1
13:14,361.03,47,1
13:14,361.02,64,1
13:14,361.01,155,1
13:14,361.0,45,1
13:14,361.02,43,0
13:14,361.0,155,1
13:14,360.95,31,1
13:14,360.96,36,1
13:15,360.96,48,1
13:15,360.93,56,1
13:15,360.82,52,1
13:15,360.83,41,0
13:15,360.83,44,0
13:15,360.83,30,1
13:15,360.94,23,0
13:15,360.85,25,1
13:15,360.9,28,0
13:15,360.94,23,0
13:15,360.9,11,1
13:15,360.88,75,1
13:15,360.95,70,0
13:15,360.89,61,1
13:15,360.9,54,1
13:15,360.9,25,1
13:15,360.89,97,1
13:15,360.88,68,1
13:15,360.9,6,1
13:15,360.93,95,0
13:15,360.95,9,0
13:16,360.95,12,0
13:16,360.9,55,1
13:16,360.85,79,1
13:16,360.84,102,1
13:16,360.88,109,0
13:16,360.82,123,1
13:16,360.82,29,0
13:16,360.68,115,1
13:16,360.78,98,0
13:16,360.35,126,1
13:16,361.0,260,0
13:16,361.23,138,0
13:16,361.91,39,0
13:16,361.24,30,1
13:16,361.38,6,1
13:16,361.88,13,0
13:16,361.23,122,1
13:16,361.96,17,0
13:16,361.24,10,1
13:16,361.3,32,1
13:17,361.84,21,0
13:17,360.68,163,1
13:17,361.25,17,0
13:17,361.3,97,0
13:17,361.25,28,1
13:17,361.53,18,0
13:17,361.96,9,0
13:17,361.91,27,0
09:25,339.0,3968,2
09:30,338.8,1270,1
09:30,339.71,1000,0
09:30,340.98,378,0
09:30,341.0,168,0
09:30,341.0,695,1
09:30,341.0,281,1
09:30,341.82,331,0
09:30,341.0,346,1
09:30,341.2,379,1
09:30,343.0,636,0
09:30,343.0,677,1
09:30,342.15,352,1
09:30,342.5,234,0
09:30,342.5,580,1
09:30,343.0,390,1
09:30,343.0,545,0
09:30,343.95,916,0
09:30,344.0,409,1
09:30,344.0,350,1
09:31,344.79,1108,0
09:31,346.43,550,0
09:31,346.0,188,1
09:31,345.0,464,1
09:31,346.66,396,0
09:31,346.7,357,1
09:31,347.0,253,0
09:31,347.0,357,0
09:31,347.08,398,1
09:31,348.0,248,0
09:31,348.0,606,0
09:31,348.0,980,1
09:31,348.8,544,0
09:31,349.0,666,0
09:31,349.1,313,1
09:31,349.66,486,0
09:31,349.52,257,1
09:31,349.71,629,0
09:31,349.9,382,0
09:31,349.93,474,0
09:32,349.95,967,1
09:32,350.08,822,0
09:32,351.0,650,0
09:32,350.49,390,1
09:32,351.18,453,0
09:32,351.37,306,1
09:32,352.26,486,0
09:32,352.6,300,0
09:32,353.0,286,0
09:32,353.01,439,1
09:32,353.95,528,0
09:32,354.0,423,0
09:32,354.0,914,1
09:32,353.95,1318,1
09:32,353.28,1224,1
09:32,353.28,1162,1
09:32,353.0,1021,1
09:32,352.08,1332,1
09:32,353.0,1097,0
09:32,353.64,1514,0
09:32,353.7,1700,0
09:33,353.97,1243,0
09:33,354.33,294,0
09:33,354.51,529,0
09:33,354.7,367,0
09:33,354.9,291,0
09:33,354.84,564,1
09:33,355.0,1459,0
09:33,355.0,534,1
09:33,355.45,710,0
09:33,355.45,669,1
09:33,355.0,736,1
09:33,354.5,689,1
09:33,354.0,704,1
09:33,353.99,951,1
09:33,353.95,576,1
09:33,353.6,288,1
09:33,352.31,557,1
09:33,352.31,566,0
09:33,350.5,894,1
09:34,350.0,572,1
09:34,350.0,434,1
09:34,350.0,893,0
09:34,350.0,855,1
09:34,350.0,595,1
09:34,353.5,1346,0
09:34,353.51,928,0
09:34,350.52,155,1
09:34,350.52,246,1
09:34,353.49,419,0
09:34,350.65,543,1
09:34,353.5,282,0
09:34,351.0,537,1
09:34,351.0,467,1
09:34,353.19,360,0
09:34,353.19,1081,1
09:34,352.01,626,1
09:34,353.0,309,0
09:34,353.19,384,0
09:34,352.51,456,1
09:34,353.0,389,0
09:35,352.45,345,1
09:35,351.35,353,1
09:35,352.3,225,1
09:35,351.31,213,1
09:35,351.27,400,1
09:35,351.37,242,0
09:35,351.0,480,1
09:35,351.0,268,0
09:35,351.0,465,1
09:35,351.0,245,1
09:35,351.01,401,1
09:35,352.0,480,0
09:35,351.32,280,1
09:35,351.56,405,1
09:35,352.51,168,0
09:35,352.51,458,0
09:35,352.59,348,0
09:35,352.99,636,0
09:35,353.0,747,0
09:35,353.0,401,1
09:36,352.59,338,1
09:36,352.59,528,0
09:36,352.59,152,0
09:36,352.0,234,0
09:36,352.0,223,1
09:36,351.32,165,1
09:36,351.28,209,1
09:36,351.32,120,1
09:36,352.0,167,0
09:36,351.99,318,0
09:36,351.43,260,1
09:36,351.43,394,1
09:36,351.55,296,1
09:36,351.48,187,1
09:36,351.63,145,0
09:36,351.43,563,1
09:36,351.0,252,1
09:36,351.0,213,1
09:36,350.68,189,1
09:37,351.0,278,0
09:37,350.68,571,1
09:37,350.73,351,0
09:37,350.68,424,1
09:37,351.0,605,0
09:37,352.48,157,0
09:37,352.5,289,0
09:37,352.94,418,0
09:37,353.0,910,0
09:37,353.15,312,0
09:37,353.27,86,0
09:37,353.25,442,1
09:37,353.56,282,0
09:37,353.34,545,1
09:37,353.88,306,0
09:37,353.56,163,1
09:37,353.2,450,1
09:37,353.0,614,1
09:37,353.25,154,0
09:37,353.0,483,1
09:38,353.16,145,0
09:38,352.07,510,1
09:38,353.16,323,0
09:38,352.01,143,1
09:38,353.16,240,0
09:38,352.07,196,1
09:38,352.07,201,1
09:38,352.11,156,1
09:38,352.94,283,0
09:38,352.5,379,1
09:38,352.07,57,0
09:38,352.11,306,0
09:38,352.94,210,0
09:38,352.93,250,1
09:38,352.79,208,0
09:38,352.78,65,0
09:38,352.79,243,0
09:38,352.0,307,1
09:38,352.05,294,0
09:38,352.07,101,1
09:38,352.1,264,0
09:39,352.44,505,0
09:39,352.04,158,1
09:39,350.55,170,1
09:39,352.1,215,0
09:39,352.11,394,0
09:39,352.04,175,1
09:39,351.01,120,1
09:39,351.0,324,1
09:39,351.01,215,0
09:39,351.96,134,0
09:39,351.96,119,1
09:39,352.0,414,0
09:39,351.0,602,1
09:39,351.01,106,1
09:39,351.84,160,0
09:39,351.88,211,0
09:39,351.7,54,1
09:39,351.01,68,1
09:39,351.14,234,1
09:40,351.02,171,1
09:40,351.0,114,1
09:40,350.64,97,1
09:40,350.01,366,1
09:40,349.68,224,1
09:40,349.07,163,1
09:40,348.99,197,1
09:40,348.66,252,1
09:40,348.86,297,0
09:40,349.19,661,0
09:40,349.68,470,0
09:40,349.65,307,1
09:40,349.45,216,1
09:40,349.21,343,0
09:40,348.91,395,1
09:40,348.37,548,1
09:40,347.91,280,1
09:40,348.0,187,0
09:40,348.01,230,1
09:40,347.9,313,1
09:40,347.42,25,1
09:41,347.0,386,1
09:41,346.84,184,1
09:41,346.49,360,1
09:41,346.18,235,1
09:41,346.0,142,1
09:41,345.67,452,1
09:41,346.2,1114,0
09:41,346.68,346,0
09:41,346.36,539,1
09:41,345.68,133,1
09:41,346.14,100,0
09:41,346.67,394,0
09:41,346.95,346,0
09:41,347.25,453,0
09:41,347.47,195,1
09:41,347.99,273,0
09:41,347.99,111,0
09:41,348.09,211,0
09:41,347.79,460,1
09:42,347.45,131,0
09:42,347.49,1271,0
09:42,348.0,251,0
09:42,347.0,400,1
09:42,347.32,664,0
09:42,347.26,246,1
09:42,347.33,163,0
09:42,347.27,434,1
09:42,347.33,153,0
09:42,347.94,221,0
09:42,347.75,82,1
09:42,347.74,511,1
09:42,347.8,224,0
09:42,348.41,438,0
09:42,348.42,76,0
09:42,348.42,118,1
09:42,348.88,306,0
09:42,348.01,170,1
09:42,348.42,262,0
09:42,347.94,233,1
09:42,348.78,292,0
09:43,348.01,104,1
09:43,348.42,159,0
09:43,349.21,435,0
09:43,348.57,157,1
09:43,348.8,147,1
09:43,349.0,43,0
09:43,348.78,282,1
09:43,348.57,150,1
09:43,348.82,212,0
09:43,349.15,257,0
09:43,349.43,195,0
09:43,349.64,103,0
09:43,350.01,377,0
09:43,350.08,250,0
09:43,350.96,298,0
09:43,350.64,140,1
09:43,350.95,76,0
09:43,350.97,39,0
09:43,350.95,67,1
09:44,351.34,155,0
09:44,351.34,172,0
09:44,351.89,80,0
09:44,351.89,153,0
09:44,351.99,294,0
09:44,352.0,216,0
09:44,351.98,522,1
09:44,351.96,233,0
09:44,351.9,512,1
09:44,352.0,300,0
09:44,352.08,98,0
09:44,352.31,199,0
09:44,352.8,219,0
09:44,353.15,839,0
09:44,353.35,449,0
09:44,353.16,67,1
09:44,352.77,696,1
09:44,353.08,412,0
09:44,352.8,158,1
09:44,352.99,199,0
09:45,353.08,197,0
09:45,353.08,242,1
09:45,353.08,415,1
09:45,353.05,304,0
09:45,353.05,212,0
09:45,353.44,272,0
09:45,353.58,263,0
09:45,353.7,267,0
09:45,353.6,285,1
09:45,353.58,266,1
09:45,353.55,271,1
09:45,353.94,402,0
09:45,354.16,754,0
09:45,354.38,182,0
09:45,354.2,343,1
09:45,354.32,84,1
09:45,354.38,147,0
09:45,354.57,325,0
09:45,354.7,219,0
09:45,354.87,110,0
09:46,354.71,183,1
09:46,354.8,107,1
09:46,354.51,294,1
09:46,354.5,387,1
09:46,354.26,279,1
09:46,354.49,275,0
09:46,354.26,390,1
09:46,354.27,323,1
09:46,354.27,117,1
09:46,354.27,295,0
09:46,354.1,115,1
09:46,353.99,132,1
09:46,353.58,128,1
09:46,353.3,168,1
09:46,353.34,105,0
09:46,353.3,117,1
09:46,353.38,79,0
09:46,353.24,165,1
09:46,353.06,243,1
09:46,353.06,135,0
09:47,352.68,204,1
09:47,352.75,57,1
09:47,352.68,63,1
09:47,352.58,119,1
09:47,352.5,80,1
09:47,352.74,165,0
09:47,352.75,154,1
09:47,353.06,201,0
09:47,353.07,137,1
09:47,353.24,272,0
09:47,353.3,171,0
09:47,353.07,233,1
09:47,352.46,312,1
09:47,352.47,456,0
09:47,352.03,206,1
09:47,352.03,137,1
09:47,352.56,465,0
09:47,352.76,119,0
09:47,352.98,70,0
09:47,353.24,158,0
09:48,353.24,64,0
09:48,353.41,298,0
09:48,353.0,365,1
09:48,352.99,212,1
09:48,352.01,237,1
09:48,351.41,303,1
09:48,351.41,228,0
09:48,351.09,282,1
09:48,351.5,380,0
09:48,351.5,130,0
09:48,351.51,163,1
09:48,351.96,238,0
09:48,351.5,101,1
09:48,351.5,294,0
09:48,351.52,89,0
09:48,351.57,301,1
09:48,351.85,223,0
09:48,351.92,187,0
09:48,351.92,388,0
09:48,351.59,156,1
09:49,351.59,142,1
09:49,351.51,137,1
09:49,351.4,80,1
09:49,351.29,59,1
09:49,351.8,405,0
09:49,352.56,824,0
09:49,352.77,157,0
09:49,352.77,332,0
09:49,352.25,196,1
09:49,352.77,102,0
09:49,352.24,277,1
09:49,352.34,221,0
09:49,352.34,242,0
09:49,352.39,215,1
09:49,353.42,670,0
09:49,353.43,288,0
09:49,354.1,314,0
09:49,354.72,196,0
09:49,354.81,194,0
09:49,354.89,112,0
09:50,354.98,300,0
09:50,354.99,1388,0
09:50,354.99,316,0
09:50,354.81,537,1
09:50,354.98,418,0
09:50,355.31,1509,0
09:50,355.49,403,0
09:50,355.59,696,0
09:50,355.79,239,0
09:50,355.65,548,1
09:50,355.88,142,0
09:50,355.91,172,0
09:50,355.93,133,0
09:50,356.0,159,0
09:50,355.98,237,2
09:50,355.81,655,1
09:50,355.66,799,1
09:50,355.96,171,0
09:50,355.99,274,0
09:50,355.65,300,1
09:51,355.31,199,1
09:51,355.08,241,1
09:51,355.0,214,1
09:51,355.0,301,1
09:51,355.43,348,0
09:51,355.37,102,1
09:51,355.79,228,0
09:51,356.0,413,0
09:51,356.3,1079,0
09:51,356.37,631,0
09:51,356.3,338,0
09:51,355.92,215,1
09:51,356.0,181,1
09:51,356.0,123,0
09:51,356.02,205,1
09:51,356.0,199,0
09:51,356.2,141,0
09:51,356.0,184,1
09:51,355.99,180,1
09:51,355.92,398,0
09:52,355.7,150,1
09:52,355.72,163,0
09:52,355.8,197,0
09:52,355.9,215,0
09:52,356.01,195,0
09:52,356.2,232,0
09:52,356.17,373,1
09:52,355.89,327,1
09:52,355.9,66,0
09:52,355.69,267,1
09:52,355.37,206,1
09:52,355.49,280,1
09:52,355.41,142,1
09:52,355.48,241,0
09:52,355.3,208,1
09:52,355.0,399,1
09:52,355.0,158,0
09:52,354.98,277,0
09:52,354.87,26,0
09:52,354.68,74,1
09:52,354.9,169,0
09:53,355.0,159,0
09:53,355.38,157,0
09:53,355.4,90,0
09:53,355.31,74,1
09:53,355.17,65,1
09:53,355.15,42,1
09:53,355.17,592,1
09:53,354.8,229,1
09:53,354.8,47,0
09:53,354.19,51,1
09:53,354.8,76,0
09:53,355.0,318,0
09:53,355.0,124,1
09:53,354.9,306,1
09:53,354.6,397,1
09:53,354.61,109,0
09:53,354.38,80,1
09:53,353.95,259,1
09:53,353.53,155,1
09:53,353.63,58,0
09:54,353.66,205,0
09:54,353.6,190,1
09:54,353.53,107,1
09:54,353.32,113,1
09:54,353.0,66,1
09:54,352.88,280,1
09:54,352.49,107,1
09:54,352.79,175,0
09:54,352.31,98,1
09:54,352.27,147,0
09:54,352.0,125,1
09:54,351.7,130,1
09:54,351.41,62,1
09:54,351.41,246,1
09:54,351.41,335,1
09:54,350.99,337,1
09:54,351.0,95,1
09:54,350.68,167,1
09:54,350.65,202,1
09:55,351.11,265,0
09:55,351.13,386,0
09:55,351.12,109,1
09:55,351.0,119,1
09:55,351.15,222,0
09:55,351.26,124,0
09:55,351.59,60,0
09:55,351.04,411,1
09:55,351.0,416,1
09:55,351.0,114,0
09:55,351.05,496,0
09:55,351.0,73,1
09:55,351.42,41,0
09:55,351.42,191,0
09:55,351.42,126,1
09:55,351.42,36,0
09:55,351.26,101,1
09:55,350.89,513,1
09:55,350.48,314,1
09:55,350.02,286,1
09:56,350.04,369,1
09:56,350.01,184,1
09:56,350.0,202,1
09:56,349.99,152,1
09:56,349.88,146,1
09:56,349.9,102,1
09:56,349.65,333,1
09:56,349.89,302,0
09:56,349.66,60,1
09:56,349.65,187,0
09:56,349.6,343,0
09:56,349.07,109,1
09:56,349.14,87,0
09:56,348.88,373,1
09:56,349.23,55,1
09:56,349.11,76,1
09:56,349.44,255,0
09:56,349.5,47,1
09:56,350.0,220,0
09:56,350.42,126,0
09:57,350.33,217,1
09:57,350.76,149,0
09:57,351.42,197,0
09:57,351.62,49,0
09:57,351.61,102,0
09:57,351.9,86,0
09:57,352.01,202,0
09:57,351.98,398,1
09:57,352.23,63,0
09:57,352.27,74,0
09:57,352.34,50,0
09:57,352.68,274,0
09:57,352.34,60,1
09:57,352.71,136,0
09:57,352.34,231,1
09:57,352.34,169,1
09:57,352.68,36,0
09:57,352.82,243,0
09:57,352.61,65,1
09:57,352.68,59,0
09:57,353.0,486,0
09:58,352.27,133,0
09:58,352.57,135,0
09:58,352.95,151,0
09:58,352.4,133,1
09:58,353.0,91,1
09:58,352.3,351,1
09:58,352.25,78,0
09:58,352.8,24,0
09:58,352.0,144,1
09:58,351.99,177,1
09:58,352.0,130,0
09:58,352.0,111,1
09:58,352.0,86,1
09:58,351.9,69,1
09:58,351.89,93,0
09:58,351.87,63,0
09:58,351.49,109,1
09:58,351.49,42,1
09:58,351.3,159,1
09:59,351.5,120,1
09:59,351.88,153,0
09:59,351.88,57,1
09:59,352.29,68,0
09:59,351.0,77,1
09:59,351.01,164,1
09:59,351.0,135,1
09:59,351.0,89,0
09:59,351.45,145,0
09:59,351.13,45,1
09:59,351.45,78,0
09:59,351.1,63,1
09:59,351.13,61,1
09:59,351.45,29,0
09:59,351.45,34,1
09:59,351.1,215,1
09:59,351.1,72,0
09:59,351.1,73,1
09:59,351.28,74,0
09:59,351.27,65,0
10:00,351.27,110,0
10:00,351.27,178,0
10:00,351.3,224,1
10:00,351.04,479,1
10:00,351.04,49,0
10:00,351.52,32,0
10:00,351.58,31,0
10:00,351.84,34,0
10:00,351.75,238,1
10:00,351.44,137,1
10:00,351.39,319,1
10:00,350.81,265,1
10:00,351.04,69,0
10:00,350.88,105,1
10:00,351.28,139,0
10:00,351.43,70,0
10:00,351.43,33,1
10:00,350.88,230,1
10:00,351.0,63,1
10:00,350.97,82,1
10:01,350.9,50,1
10:01,351.0,372,1
10:01,351.34,186,0
10:01,351.05,319,1
10:01,351.84,95,0
10:01,352.5,45,0
10:01,353.0,82,0
10:01,352.76,84,1
10:01,352.75,38,0
10:01,352.76,107,0
10:01,352.76,97,1
10:01,352.73,31,0
10:01,352.26,54,1
10:01,351.11,339,1
10:01,352.02,160,0
10:01,352.26,125,0
10:01,352.3,79,0
10:01,352.54,61,0
10:01,352.91,157,0
10:01,352.77,166,1
10:02,353.3,104,0
10:02,353.0,59,0
10:02,352.93,73,1
10:02,352.92,291,0
10:02,353.27,114,0
10:02,353.03,169,1
10:02,353.0,83,1
10:02,353.2,77,0
10:02,353.27,72,0
10:02,353.25,73,0
10:02,353.67,109,0
10:02,353.91,72,0
10:02,354.0,72,0
10:02,354.01,72,1
10:02,354.21,144,1
10:02,353.88,229,1
10:02,353.52,76,1
10:02,354.0,264,0
10:02,353.89,278,1
10:02,354.18,315,0
10:02,354.83,104,0
10:03,354.84,291,0
10:03,355.0,384,0
10:03,354.99,273,0
10:03,355.0,291,0
10:03,355.16,308,0
10:03,355.0,140,1
10:03,355.13,262,0
10:03,355.13,182,1
10:03,355.0,117,1
10:03,355.15,108,0
10:03,355.16,206,0
10:03,355.02,68,1
10:03,355.12,376,0
10:03,355.0,96,1
10:03,355.15,163,0
10:03,355.15,156,1
10:03,354.65,86,1
10:03,354.65,98,1
10:03,354.6,68,1
10:03,354.92,123,0
10:04,354.97,97,0
10:04,354.67,133,1
10:04,354.9,85,0
10:04,354.57,200,1
10:04,354.95,243,0
10:04,354.66,130,2
10:04,354.58,42,1
10:04,354.61,123,1
10:04,354.62,177,1
10:04,354.52,224,1
10:04,354.61,71,1
10:04,354.19,194,1
10:04,353.52,233,1
10:04,353.99,406,0
10:04,353.98,58,1
10:04,353.85,45,0
10:04,353.58,56,1
10:04,353.5,41,1
10:04,353.25,82,1
10:04,353.21,90,1
10:05,353.3,138,0
10:05,353.23,89,1
10:05,353.39,75,1
10:05,353.79,87,0
10:05,353.8,68,0
10:05,353.7,124,0
10:05,353.81,58,0
10:05,354.0,170,0
10:05,354.42,123,0
10:05,354.42,189,1
10:05,353.79,233,1
10:05,353.76,132,1
10:05,353.0,573,1
10:05,353.0,258,0
10:05,353.24,71,0
10:05,352.92,217,1
10:05,353.21,90,0
10:05,353.21,72,0
10:05,353.24,51,0
10:06,353.01,83,1
10:06,353.0,56,0
10:06,353.0,48,1
10:06,353.0,82,1
10:06,353.21,52,0
10:06,352.88,95,1
10:06,352.68,86,1
10:06,352.66,131,1
10:06,352.93,44,0
10:06,352.93,91,1
10:06,352.93,156,0
10:06,352.94,74,0
10:06,353.2,42,0
10:06,353.4,79,0
10:06,353.43,54,0
10:06,353.7,93,0
10:06,353.43,208,1
10:06,353.87,79,0
10:06,354.19,89,0
10:06,354.03,289,1
10:07,354.01,92,0
10:07,354.02,82,0
10:07,354.08,80,0
10:07,354.02,194,1
10:07,354.01,364,0
10:07,354.0,402,1
10:07,354.0,206,0
10:07,352.0,385,1
10:07,352.64,228,1
