date,open,close,high,low,vol,open_raw,close_raw,high_raw,low_raw
2023-11-08,19.07,19.02,19.15,18.75,28598.0,19.97,19.92,20.05,19.65
2023-11-09,19.03,18.89,19.26,18.82,24647.0,19.93,19.79,20.16,19.72
2023-11-10,18.89,18.83,18.98,18.63,18724.0,19.79,19.73,19.88,19.53
2023-11-13,18.85,19.06,19.09,18.79,21173.0,19.75,19.96,19.99,19.69
2023-11-14,19.07,19.16,19.18,18.96,19954.0,19.97,20.06,20.08,19.86
2023-11-15,19.2,19.34,19.5,19.18,24924.0,20.1,20.24,20.4,20.08
2023-11-16,19.3,18.94,19.32,18.93,19677.0,20.2,19.84,20.22,19.83
2023-11-17,18.92,19.14,19.19,18.8,20233.0,19.82,20.04,20.09,19.7
2023-11-20,19.35,19.52,19.52,19.08,26228.0,20.25,20.42,20.42,19.98
2023-11-21,19.52,19.1,19.6,19.04,25885.0,20.42,20.0,20.5,19.94
2023-11-22,19.03,18.71,19.23,18.71,21808.0,19.93,19.61,20.13,19.61
2023-11-23,18.69,18.96,19.03,18.6,18272.0,19.59,19.86,19.93,19.5
2023-11-24,18.99,18.36,19.03,18.33,25324.0,19.89,19.26,19.93,19.23
2023-11-27,18.35,18.98,19.34,18.24,49045.0,19.25,19.88,20.24,19.14
2023-11-28,18.82,19.45,19.69,18.79,70863.0,19.72,20.35,20.59,19.69
2023-11-29,19.53,19.6,19.9,19.23,58317.0,20.43,20.5,20.8,20.13
2023-11-30,19.57,19.21,19.57,18.98,47508.0,20.47,20.11,20.47,19.88
2023-12-01,19.37,19.09,19.73,18.92,34602.0,20.27,19.99,20.63,19.82
2023-12-04,19.12,18.97,19.25,18.9,26364.0,20.02,19.87,20.15,19.8
2023-12-05,18.97,18.2,18.97,18.2,28253.0,19.87,19.1,19.87,19.1
2023-12-06,18.21,18.25,18.55,18.12,24698.0,19.11,19.15,19.45,19.02
2023-12-07,18.27,18.2,18.52,18.08,21058.0,19.17,19.1,19.42,18.98
2023-12-08,18.35,18.35,18.88,18.15,41085.0,19.25,19.25,19.78,19.05
2023-12-11,18.37,18.53,18.56,17.79,28296.0,19.27,19.43,19.46,18.69
2023-12-12,18.5,18.65,18.87,18.4,26155.0,19.4,19.55,19.77,19.3
2023-12-13,18.65,18.81,19.1,18.39,37833.0,19.55,19.71,20.0,19.29
2023-12-14,18.77,18.59,19.03,18.58,24782.0,19.67,19.49,19.93,19.48
2023-12-15,18.59,18.29,18.78,18.18,22986.0,19.49,19.19,19.68,19.08
2023-12-18,18.17,17.86,18.29,17.73,21663.0,19.07,18.76,19.19,18.63
2023-12-19,17.87,17.96,18.14,17.65,15966.0,18.77,18.86,19.04,18.55
2023-12-20,17.96,18.09,18.69,17.96,27683.0,18.86,18.99,19.59,18.86
2023-12-21,18.0,18.21,18.37,17.42,27958.0,18.9,19.11,19.27,18.32
2023-12-22,18.32,17.75,18.44,17.68,23012.0,19.22,18.65,19.34,18.58
2023-12-25,17.72,17.74,17.9,17.52,15778.0,18.62,18.64,18.8,18.42
2023-12-26,17.74,17.3,17.74,17.13,17355.0,18.64,18.2,18.64,18.03
2023-12-27,17.26,17.6,17.63,17.18,16633.0,18.16,18.5,18.53,18.08
2023-12-28,17.61,18.51,18.62,17.33,37964.0,18.51,19.41,19.52,18.23
2023-12-29,18.46,19.02,19.03,18.42,36971.0,19.36,19.92,19.93,19.32
2024-01-02,19.16,18.86,19.16,18.81,25128.0,20.06,19.76,20.06,19.71
2024-01-03,18.87,18.84,19.01,18.58,18871.0,19.77,19.74,19.91,19.48
2024-01-04,18.9,18.69,18.92,18.52,14512.0,19.8,19.59,19.82,19.42
2024-01-05,18.72,18.27,18.92,18.16,16182.0,19.62,19.17,19.82,19.06
2024-01-08,18.3,17.76,18.36,17.76,17566.0,19.2,18.66,19.26,18.66
2024-01-09,17.76,17.88,18.33,17.71,21314.0,18.66,18.78,19.23,18.61
2024-01-10,17.94,17.48,17.98,17.36,19014.0,18.84,18.38,18.88,18.26
2024-01-11,17.47,17.74,17.81,17.32,18460.0,18.37,18.64,18.71,18.22
2024-01-12,17.8,17.6,18.15,17.6,15306.0,18.7,18.5,19.05,18.5
2024-01-15,17.63,17.46,17.68,17.27,14982.0,18.53,18.36,18.58,18.17
2024-01-16,17.52,17.21,17.7,16.96,25217.0,18.42,18.11,18.6,17.86
2024-01-17,17.19,16.69,17.39,16.69,28112.0,18.09,17.59,18.29,17.59
2024-01-18,16.34,16.26,16.76,15.89,31493.0,17.24,17.16,17.66,16.79
2024-01-19,16.3,15.96,16.55,15.95,21178.0,17.2,16.86,17.45,16.85
2024-01-22,16.18,14.8,16.18,14.61,29398.0,17.08,15.7,17.08,15.51
2024-01-23,14.57,14.73,14.93,14.48,26120.0,15.47,15.63,15.83,15.38
2024-01-24,14.74,14.79,15.01,14.07,27122.0,15.64,15.69,15.91,14.97
2024-01-25,14.88,15.23,15.25,14.6,32923.0,15.78,16.13,16.15,15.5
2024-01-26,15.23,14.95,15.48,14.91,20418.0,16.13,15.85,16.38,15.81
2024-01-29,15.06,14.42,15.15,14.4,18356.0,15.96,15.32,16.05,15.3
2024-01-30,14.15,13.9,14.64,13.88,21233.0,15.05,14.8,15.54,14.78
2024-01-31,13.9,12.94,14.0,12.9,27874.0,14.8,13.84,14.9,13.8
2024-02-01,12.9,12.83,13.14,12.52,25292.0,13.8,13.73,14.04,13.42
2024-02-02,12.88,11.91,13.13,11.42,45329.0,13.78,12.81,14.03,12.32
2024-02-05,11.73,10.31,11.9,9.87,56739.0,12.63,11.21,12.8,10.77
2024-02-06,10.0,10.89,11.05,9.14,76533.0,10.9,11.79,11.95,10.04
2024-02-07,10.74,9.93,10.98,9.8,73527.0,11.64,10.83,11.88,10.7
2024-02-08,9.58,11.52,11.53,9.58,77456.0,10.48,12.42,12.43,10.48
2024-02-19,11.53,11.94,12.47,11.53,65635.0,12.43,12.84,13.37,12.43
2024-02-20,11.88,12.18,12.18,11.58,39946.0,12.78,13.08,13.08,12.48
2024-02-21,12.04,12.48,13.0,11.92,58908.0,12.94,13.38,13.9,12.82
2024-02-22,12.55,12.96,13.02,12.42,51087.0,13.45,13.86,13.92,13.32
2024-02-23,13.1,13.69,13.78,12.88,56512.0,14.0,14.59,14.68,13.78
2024-02-26,14.3,14.81,15.43,13.87,105370.0,15.2,15.71,16.33,14.77
2024-02-27,14.5,14.73,14.79,14.19,87526.0,15.4,15.63,15.69,15.09
2024-02-28,15.09,13.49,15.38,13.49,97556.0,15.99,14.39,16.28,14.39
2024-02-29,13.39,14.13,14.21,13.39,57983.0,14.29,15.03,15.11,14.29
2024-03-01,14.11,15.19,15.78,14.05,99296.0,15.01,16.09,16.68,14.95
2024-03-04,15.12,15.06,15.29,14.52,73420.0,16.02,15.96,16.19,15.42
2024-03-05,14.79,15.79,16.09,14.65,100004.0,15.69,16.69,16.99,15.55
2024-03-06,15.35,16.26,17.09,15.22,120439.0,16.25,17.16,17.99,16.12
2024-03-07,16.26,15.5,16.45,15.27,78115.0,17.16,16.4,17.35,16.17
2024-03-08,15.64,15.45,15.77,15.14,47778.0,16.54,16.35,16.67,16.04
2024-03-11,15.52,16.02,16.35,15.4,62785.0,16.42,16.92,17.25,16.3
2024-03-12,16.0,15.97,16.59,15.8,60572.0,16.9,16.87,17.49,16.7
2024-03-13,15.82,15.88,16.23,15.76,39632.0,16.72,16.78,17.13,16.66
2024-03-14,15.98,15.55,15.98,15.31,41061.0,16.88,16.45,16.88,16.21
2024-03-15,15.54,15.87,15.88,15.3,31171.0,16.44,16.77,16.78,16.2
2024-03-18,16.03,16.06,16.1,15.8,35624.0,16.93,16.96,17.0,16.7
2024-03-19,16.06,16.17,16.43,15.88,40004.0,16.96,17.07,17.33,16.78
2024-03-20,16.24,16.5,16.8,16.1,54247.0,17.14,17.4,17.7,17.0
2024-03-21,16.54,16.33,16.63,15.93,47905.0,17.44,17.23,17.53,16.83
2024-03-22,16.38,16.17,16.45,15.9,32919.0,17.28,17.07,17.35,16.8
2024-03-25,16.08,15.7,16.3,15.61,33619.0,16.98,16.6,17.2,16.51
2024-03-26,15.57,15.89,16.08,15.51,30361.0,16.47,16.79,16.98,16.41
2024-03-27,15.99,14.89,16.06,14.89,31340.0,16.89,15.79,16.96,15.79
2024-03-28,14.88,15.38,15.58,14.88,26605.0,15.78,16.28,16.48,15.78
2024-03-29,15.38,15.44,15.68,15.21,21994.0,16.28,16.34,16.58,16.11
2024-04-01,15.58,16.21,16.72,15.58,56744.0,16.48,17.11,17.62,16.48
2024-04-02,16.17,16.1,16.44,15.98,34952.0,17.07,17.0,17.34,16.88
2024-04-03,16.11,15.67,16.17,15.51,27547.0,17.01,16.57,17.07,16.41
2024-04-08,15.66,14.95,16.32,14.9,56423.0,16.56,15.85,17.22,15.8
2024-04-09,15.09,15.16,15.41,14.92,27793.0,15.99,16.06,16.31,15.82
2024-04-10,15.15,14.6,15.24,14.39,27121.0,16.05,15.5,16.14,15.29
2024-04-11,14.74,14.87,15.18,14.41,28373.0,15.64,15.77,16.08,15.31
2024-04-12,14.86,14.92,15.66,14.55,31458.0,15.76,15.82,16.56,15.45
2024-04-15,14.73,13.85,14.98,13.56,38124.0,15.63,14.75,15.88,14.46
2024-04-16,13.84,12.57,13.84,12.35,43200.0,14.74,13.47,14.74,13.25
2024-04-17,12.89,13.75,13.76,12.89,41493.0,13.79,14.65,14.66,13.79
2024-04-18,13.8,13.7,14.03,13.45,26256.0,14.7,14.6,14.93,14.35
2024-04-19,13.62,13.56,13.82,13.41,20731.0,14.52,14.46,14.72,14.31
2024-04-22,13.4,13.54,13.7,12.95,22008.0,14.3,14.44,14.6,13.85
2024-04-23,13.39,13.64,13.7,13.39,18038.0,14.29,14.54,14.6,14.29
2024-04-24,13.65,14.16,14.17,13.56,24281.0,14.55,15.06,15.07,14.46
2024-04-25,14.05,14.34,14.4,14.01,21993.0,14.95,15.24,15.3,14.91
2024-04-26,14.95,15.3,16.2,14.55,81204.0,15.85,16.2,17.1,15.45
2024-04-29,15.21,16.09,16.29,15.21,69647.0,16.11,16.99,17.19,16.11
2024-04-30,16.31,16.12,16.44,15.8,40825.0,17.21,17.02,17.34,16.7
2024-05-06,16.5,16.32,16.65,16.27,40719.0,17.4,17.22,17.55,17.17
2024-05-07,16.32,16.35,16.48,16.18,32512.0,17.22,17.25,17.38,17.08
2024-05-08,16.48,16.88,18.05,16.25,110586.0,17.38,17.78,18.95,17.15
2024-05-09,16.62,17.1,17.65,16.62,86974.0,17.52,18.0,18.55,17.52
2024-05-10,17.05,18.17,18.85,16.63,167346.0,17.95,19.07,19.75,17.53
2024-05-13,18.17,18.9,19.11,17.47,170398.0,19.07,19.8,20.01,18.37
2024-05-14,18.1,19.19,20.86,17.86,193427.0,19.0,20.09,21.76,18.76
2024-05-15,18.61,17.69,19.68,17.69,157204.0,19.51,18.59,20.58,18.59
2024-05-16,17.34,17.09,17.96,16.94,111310.0,18.24,17.99,18.86,17.84
2024-05-17,17.1,17.47,17.69,17.05,83838.0,18.0,18.37,18.59,17.95
2024-05-20,17.35,17.95,18.09,17.11,86910.0,18.25,18.85,18.99,18.01
2024-05-21,17.65,17.37,17.7,17.32,55275.0,18.55,18.27,18.6,18.22
2024-05-22,17.41,17.35,17.64,17.1,54968.0,18.31,18.25,18.54,18.0
2024-05-23,17.23,17.01,17.28,16.91,47510.0,18.13,17.91,18.18,17.81
2024-05-24,17.28,19.45,20.1,17.28,239362.0,18.18,20.35,21.0,18.18
2024-05-27,19.4,19.38,19.86,18.74,197732.0,20.3,20.28,20.76,19.64
2024-05-28,18.91,22.1,23.21,18.9,267083.0,19.81,23.0,24.11,19.8
2024-05-29,20.1,20.68,21.6,20.05,197415.0,21.0,21.58,22.5,20.95
2024-05-30,20.39,19.48,20.94,19.48,138889.0,21.29,20.38,21.84,20.38
2024-05-31,19.38,19.84,20.18,19.04,136377.0,20.28,20.74,21.08,19.94
2024-06-03,19.52,19.14,19.86,18.89,103374.0,20.42,20.04,20.76,19.79
2024-06-04,19.14,20.4,20.41,18.15,159204.0,20.04,21.3,21.31,19.05
2024-06-05,19.85,18.9,20.08,18.9,114470.0,20.75,19.8,20.98,19.8
2024-06-06,18.83,18.2,19.38,18.05,87786.0,19.73,19.1,20.28,18.95
2024-06-07,18.47,17.53,18.68,17.1,94002.0,19.37,18.43,19.58,18.0
2024-06-11,17.33,17.88,17.98,16.68,62058.0,18.23,18.78,18.88,17.58
2024-06-12,17.87,18.12,18.48,17.69,58599.0,18.77,19.02,19.38,18.59
2024-06-13,18.13,18.4,18.78,18.06,76626.0,19.03,19.3,19.68,18.96
2024-06-14,18.4,19.54,20.0,18.19,142878.0,19.3,20.44,20.9,19.09
2024-06-17,19.08,19.74,20.02,18.9,122454.0,19.98,20.64,20.92,19.8
2024-06-18,19.61,19.89,20.06,19.31,105584.0,20.51,20.79,20.96,20.21
2024-06-19,19.73,19.07,19.73,18.91,90613.0,20.63,19.97,20.63,19.81
2024-06-20,18.93,18.55,19.34,18.42,65636.0,19.83,19.45,20.24,19.32
2024-06-21,18.45,18.15,18.66,18.06,47081.0,19.35,19.05,19.56,18.96
2024-06-24,17.9,17.49,18.34,17.43,47662.0,18.8,18.39,19.24,18.33
2024-06-25,17.66,17.33,17.81,17.02,39299.0,18.56,18.23,18.71,17.92
2024-06-26,17.36,17.75,17.75,17.03,39406.0,18.26,18.65,18.65,17.93
2024-06-27,17.69,18.08,18.47,17.31,73138.0,18.59,18.98,19.37,18.21
2024-06-28,17.96,18.73,19.28,17.83,92804.0,18.86,19.63,20.18,18.73
2024-07-01,18.73,18.69,19.32,18.68,78356.0,19.63,19.59,20.22,19.58
2024-07-02,18.5,18.8,19.06,18.02,71481.0,19.4,19.7,19.96,18.92
2024-07-03,18.54,17.66,18.7,17.63,60162.0,19.44,18.56,19.6,18.53
2024-07-04,17.77,17.1,17.93,16.99,44385.0,18.67,18.0,18.83,17.89
2024-07-05,17.16,16.55,17.34,16.3,45913.0,18.06,17.45,18.24,17.2
2024-07-08,16.61,16.7,17.06,16.41,39690.0,17.51,17.6,17.96,17.31
2024-07-09,16.71,17.29,17.38,16.06,53393.0,17.61,18.19,18.28,16.96
2024-07-10,17.25,17.08,17.4,16.9,31473.0,18.15,17.98,18.3,17.8
2024-07-11,17.52,17.52,17.65,17.19,46005.0,18.42,18.42,18.55,18.09
2024-07-12,17.7,17.34,17.7,17.21,32825.0,18.3,17.94,18.3,17.81
2024-07-15,17.36,16.56,17.56,16.48,37823.0,17.96,17.16,18.16,17.08
2024-07-16,16.65,16.35,16.72,16.1,31705.0,17.25,16.95,17.32,16.7
2024-07-17,16.41,15.66,16.48,15.6,42951.0,17.01,16.26,17.08,16.2
2024-07-18,15.51,15.52,15.68,15.15,31066.0,16.11,16.12,16.28,15.75
2024-07-19,15.59,15.64,15.87,15.28,26369.0,16.19,16.24,16.47,15.88
2024-07-22,15.62,15.83,16.11,15.6,25913.0,16.22,16.43,16.71,16.2
2024-07-23,15.83,15.33,16.03,15.31,23575.0,16.43,15.93,16.63,15.91
2024-07-24,15.3,15.1,15.55,15.08,24058.0,15.9,15.7,16.15,15.68
2024-07-25,14.99,15.19,15.46,14.83,24491.0,15.59,15.79,16.06,15.43
2024-07-26,15.28,15.45,15.53,15.21,22767.0,15.88,16.05,16.13,15.81
2024-07-29,15.51,15.46,15.76,15.4,21061.0,16.11,16.06,16.36,16.0
2024-07-30,15.45,15.56,15.67,15.22,21879.0,16.05,16.16,16.27,15.82
2024-07-31,15.57,16.05,16.12,15.44,29746.0,16.17,16.65,16.72,16.04
2024-08-01,16.05,16.04,16.28,15.89,26645.0,16.65,16.64,16.88,16.49
2024-08-02,15.95,15.7,16.19,15.66,27612.0,16.55,16.3,16.79,16.26
2024-08-05,15.51,14.72,15.65,14.72,35566.0,16.11,15.32,16.25,15.32
2024-08-06,15.18,15.39,15.39,14.9,29761.0,15.78,15.99,15.99,15.5
2024-08-07,16.6,17.41,18.59,16.6,164443.0,17.2,18.01,19.19,17.2
2024-08-08,16.58,16.2,16.8,16.09,122632.0,17.18,16.8,17.4,16.69
2024-08-09,15.9,15.8,16.45,15.8,75142.0,16.5,16.4,17.05,16.4
2024-08-12,16.12,16.77,17.12,16.0,105846.0,16.72,17.37,17.72,16.6
2024-08-13,17.57,18.64,20.04,17.53,216338.0,18.17,19.24,20.64,18.13
2024-08-14,18.69,18.18,19.57,18.16,165620.0,19.29,18.78,20.17,18.76
2024-08-15,18.1,18.21,18.3,17.78,111984.0,18.7,18.81,18.9,18.38
2024-08-16,18.18,17.83,18.25,17.7,75112.0,18.78,18.43,18.85,18.3
2024-08-19,17.72,17.8,17.93,17.5,70591.0,18.32,18.4,18.53,18.1
2024-08-20,17.96,17.37,18.25,17.33,58201.0,18.56,17.97,18.85,17.93
2024-08-21,17.68,17.41,17.99,17.37,61538.0,18.28,18.01,18.59,17.97
2024-08-22,17.85,18.2,18.98,17.76,153531.0,18.45,18.8,19.58,18.36
2024-08-23,17.71,17.42,17.85,17.29,96753.0,18.31,18.02,18.45,17.89
2024-08-26,17.08,17.71,17.8,16.9,66245.0,17.68,18.31,18.4,17.5
2024-08-27,17.57,17.18,17.59,17.0,51634.0,18.17,17.78,18.19,17.6
2024-08-28,17.1,17.26,17.35,16.74,39473.0,17.7,17.86,17.95,17.34
2024-08-29,17.19,17.94,18.22,16.93,72042.0,17.79,18.54,18.82,17.53
2024-08-30,17.9,18.09,18.7,17.75,108926.0,18.5,18.69,19.3,18.35
2024-09-02,18.09,17.9,18.41,17.88,61273.0,18.69,18.5,19.01,18.48
2024-09-03,18.08,18.48,18.48,17.9,74552.0,18.68,19.08,19.08,18.5
2024-09-04,18.37,18.02,18.37,17.88,62443.0,18.97,18.62,18.97,18.48
2024-09-05,17.9,17.88,18.13,17.81,40626.0,18.5,18.48,18.73,18.41
2024-09-06,17.88,17.15,17.97,17.12,62037.0,18.48,17.75,18.57,17.72
2024-09-09,17.1,16.94,17.16,16.76,32000.0,17.7,17.54,17.76,17.36
2024-09-10,17.08,17.32,17.36,16.77,34287.0,17.68,17.92,17.96,17.37
2024-09-11,17.19,17.39,17.76,17.1,39895.0,17.79,17.99,18.36,17.7
2024-09-12,17.35,17.44,17.83,17.34,43020.0,17.95,18.04,18.43,17.94
2024-09-13,17.6,16.85,17.69,16.81,38987.0,18.2,17.45,18.29,17.41
2024-09-18,16.79,16.96,17.07,16.5,29274.0,17.39,17.56,17.67,17.1
2024-09-19,17.26,17.14,17.4,17.01,36296.0,17.86,17.74,18.0,17.61
2024-09-20,17.2,16.87,17.24,16.85,24558.0,17.8,17.47,17.84,17.45
2024-09-23,16.9,16.76,17.14,16.7,24387.0,17.5,17.36,17.74,17.3
2024-09-24,16.94,17.48,17.51,16.61,47974.0,17.54,18.08,18.11,17.21
2024-09-25,17.7,17.9,18.22,17.52,67518.0,18.3,18.5,18.82,18.12
2024-09-26,17.78,18.33,18.35,17.54,63988.0,18.38,18.93,18.95,18.14
2024-09-27,18.6,19.16,19.71,18.21,95208.0,19.2,19.76,20.31,18.81
2024-09-30,19.8,21.92,22.36,19.4,160345.0,20.4,22.52,22.96,20.0
2024-10-08,26.34,25.22,26.34,22.93,171942.0,26.94,25.82,26.94,23.53
2024-10-09,23.96,21.49,24.0,21.49,130709.0,24.56,22.09,24.6,22.09
2024-10-10,21.85,21.66,22.79,21.62,92139.0,22.45,22.26,23.39,22.22
2024-10-11,21.62,20.5,21.62,20.17,67763.0,22.22,21.1,22.22,20.77
2024-10-14,20.6,21.22,21.31,20.1,61271.0,21.2,21.82,21.91,20.7
2024-10-15,21.03,20.72,21.5,20.68,61855.0,21.63,21.32,22.1,21.28
2024-10-16,20.18,20.35,20.8,20.0,51763.0,20.78,20.95,21.4,20.6
2024-10-17,20.38,20.29,20.78,20.29,50796.0,20.98,20.89,21.38,20.89
2024-10-18,20.2,21.18,21.65,20.12,76890.0,20.8,21.78,22.25,20.72
2024-10-21,21.22,21.6,21.95,21.05,85211.0,21.82,22.2,22.55,21.65
2024-10-22,21.52,22.45,22.6,21.31,95231.0,22.12,23.05,23.2,21.91
2024-10-23,22.52,22.2,22.6,21.78,88881.0,23.12,22.8,23.2,22.38
2024-10-24,21.92,21.75,22.05,21.63,55650.0,22.52,22.35,22.65,22.23
2024-10-25,21.8,22.33,22.5,21.73,72603.0,22.4,22.93,23.1,22.33
2024-10-28,22.0,22.04,22.12,21.45,96629.0,22.6,22.64,22.72,22.05
2024-10-29,22.12,21.3,22.25,21.28,88704.0,22.72,21.9,22.85,21.88
2024-10-30,21.16,20.87,21.56,20.5,71012.0,21.76,21.47,22.16,21.1
2024-10-31,21.03,20.98,21.16,20.68,54574.0,21.63,21.58,21.76,21.28
2024-11-01,20.73,20.01,20.94,19.94,63232.0,21.33,20.61,21.54,20.54
2024-11-04,20.01,20.92,21.06,20.01,60398.0,20.61,21.52,21.66,20.61
2024-11-05,21.08,21.31,21.39,20.82,68483.0,21.68,21.91,21.99,21.42
2024-11-06,21.4,21.28,21.78,21.07,76257.0,22.0,21.88,22.38,21.67
2024-11-07,21.4,22.09,22.11,21.2,101059.0,22.0,22.69,22.71,21.8
2024-11-08,22.32,21.78,22.39,21.71,87167.0,22.92,22.38,22.99,22.31
2024-11-11,21.79,22.4,22.4,21.58,82269.0,22.39,23.0,23.0,22.18
2024-11-12,22.75,23.29,23.98,22.55,161108.0,23.35,23.89,24.58,23.15
2024-11-13,23.09,23.17,23.68,22.41,101177.0,23.69,23.77,24.28,23.01
2024-11-14,23.09,22.3,23.7,22.3,83246.0,23.69,22.9,24.3,22.9
2024-11-15,22.27,21.72,22.51,21.63,59394.0,22.87,22.32,23.11,22.23
2024-11-18,21.7,20.93,21.81,20.7,54038.0,22.3,21.53,22.41,21.3
2024-11-19,21.1,21.69,21.69,20.85,44650.0,21.7,22.29,22.29,21.45
2024-11-20,21.6,21.8,21.85,21.3,55499.0,22.2,22.4,22.45,21.9
2024-11-21,21.73,22.86,23.2,21.62,104529.0,22.33,23.46,23.8,22.22
2024-11-22,22.69,21.9,23.4,21.87,111954.0,23.29,22.5,24.0,22.47
2024-11-25,21.9,23.9,24.24,21.34,149394.0,22.5,24.5,24.84,21.94
2024-11-26,23.4,23.52,24.22,23.0,110512.0,24.0,24.12,24.82,23.6
2024-11-27,23.2,24.13,24.28,22.3,143738.0,23.8,24.73,24.88,22.9
2024-11-28,23.88,23.54,24.0,23.44,100429.0,24.48,24.14,24.6,24.04
2024-11-29,23.54,23.26,23.68,22.96,79725.0,24.14,23.86,24.28,23.56
2024-12-02,23.41,23.55,23.9,23.18,75130.0,24.01,24.15,24.5,23.78
2024-12-03,23.9,23.98,25.61,23.48,164645.0,24.5,24.58,26.21,24.08
2024-12-04,23.28,23.15,23.89,22.9,90493.0,23.88,23.75,24.49,23.5
2024-12-05,22.93,23.54,23.98,22.9,78118.0,23.53,24.14,24.58,23.5
2024-12-06,23.4,23.35,23.54,22.9,63548.0,24.0,23.95,24.14,23.5
2024-12-09,23.34,24.98,25.0,23.25,147607.0,23.94,25.58,25.6,23.85
2024-12-10,25.4,24.53,26.56,24.48,177135.0,26.0,25.13,27.16,25.08
2024-12-11,24.33,24.51,24.7,24.11,81794.0,24.93,25.11,25.3,24.71
2024-12-12,24.5,24.16,24.5,23.74,78903.0,25.1,24.76,25.1,24.34
2024-12-13,23.95,23.29,24.26,23.25,81010.0,24.55,23.89,24.86,23.85
2024-12-16,23.2,23.17,23.89,22.96,55780.0,23.8,23.77,24.49,23.56
2024-12-17,23.15,22.66,23.48,22.12,69966.0,23.75,23.26,24.08,22.72
2024-12-18,22.69,22.66,23.19,22.36,46450.0,23.29,23.26,23.79,22.96
2024-12-19,22.25,22.84,22.91,22.05,41657.0,22.85,23.44,23.51,22.65
2024-12-20,22.8,22.85,23.2,22.61,54520.0,23.4,23.45,23.8,23.21
2024-12-23,22.8,21.92,23.2,21.81,49716.0,23.4,22.52,23.8,22.41
2024-12-24,21.9,22.99,23.0,21.9,72500.0,22.5,23.59,23.6,22.5
2024-12-25,22.81,22.33,22.97,21.8,53239.0,23.41,22.93,23.57,22.4
2024-12-26,22.42,22.57,22.9,22.28,43325.0,23.02,23.17,23.5,22.88
2024-12-27,22.6,22.61,23.24,22.44,49979.0,23.2,23.21,23.84,23.04
2024-12-30,22.63,22.72,22.93,22.05,42279.0,23.23,23.32,23.53,22.65
2024-12-31,22.69,21.6,22.74,21.55,50457.0,23.29,22.2,23.34,22.15
2025-01-02,21.5,20.42,21.55,20.25,48534.0,22.1,21.02,22.15,20.85
2025-01-03,20.7,19.54,20.74,19.45,42715.0,21.3,20.14,21.34,20.05
2025-01-06,19.42,19.7,20.04,19.01,38255.0,20.02,20.3,20.64,19.61
2025-01-07,19.85,20.27,20.28,19.56,32992.0,20.45,20.87,20.88,20.16
2025-01-08,20.2,20.09,20.27,19.32,32817.0,20.8,20.69,20.87,19.92
2025-01-09,19.87,20.03,20.36,19.8,25498.0,20.47,20.63,20.96,20.4
2025-01-10,20.08,19.43,20.23,19.41,27179.0,20.68,20.03,20.83,20.01
2025-01-13,19.23,19.39,19.57,18.78,24182.0,19.83,19.99,20.17,19.38
2025-01-14,19.6,20.34,20.37,19.46,34267.0,20.2,20.94,20.97,20.06
2025-01-15,20.38,20.45,20.61,20.18,32621.0,20.98,21.05,21.21,20.78
2025-01-16,20.85,21.06,21.54,20.51,64729.0,21.45,21.66,22.14,21.11
2025-01-17,20.9,21.17,21.61,20.7,47785.0,21.5,21.77,22.21,21.3
2025-01-20,21.27,21.59,21.77,21.27,45006.0,21.87,22.19,22.37,21.87
2025-01-21,21.6,21.67,21.81,21.31,40633.0,22.2,22.27,22.41,21.91
2025-01-22,21.6,21.26,21.88,21.1,45474.0,22.2,21.86,22.48,21.7
2025-01-23,21.57,21.25,21.75,21.25,42262.0,22.17,21.85,22.35,21.85
2025-01-24,21.22,21.4,21.5,20.97,30695.0,21.82,22.0,22.1,21.57
2025-01-27,21.64,20.92,21.64,20.92,28825.0,22.24,21.52,22.24,21.52
2025-02-05,21.05,20.88,21.26,20.72,30190.0,21.65,21.48,21.86,21.32
2025-02-06,20.85,21.36,21.36,20.7,38004.0,21.45,21.96,21.96,21.3
2025-02-07,21.36,21.77,22.18,21.36,66874.0,21.96,22.37,22.78,21.96
2025-02-10,21.89,21.92,22.0,21.6,45814.0,22.49,22.52,22.6,22.2
2025-02-11,21.97,22.07,22.25,21.58,59978.0,22.57,22.67,22.85,22.18
2025-02-12,21.9,22.63,22.82,21.9,69588.0,22.5,23.23,23.42,22.5
2025-02-13,22.5,22.12,22.7,22.1,53185.0,23.1,22.72,23.3,22.7
2025-02-14,22.02,21.93,22.34,21.86,47449.0,22.62,22.53,22.94,22.46
2025-02-17,21.95,22.28,22.29,21.75,44611.0,22.55,22.88,22.89,22.35
2025-02-18,22.5,21.63,22.68,21.52,52814.0,23.1,22.23,23.28,22.12
2025-02-19,21.45,22.36,22.39,21.43,56326.0,22.05,22.96,22.99,22.03
2025-02-20,22.36,22.45,22.49,22.11,46958.0,22.96,23.05,23.09,22.71
2025-02-21,22.46,22.97,23.18,22.31,81053.0,23.06,23.57,23.78,22.91
2025-02-24,22.94,22.72,23.01,22.46,54736.0,23.54,23.32,23.61,23.06
2025-02-25,22.45,22.42,22.65,22.28,38749.0,23.05,23.02,23.25,22.88
2025-02-26,22.38,22.66,22.74,22.29,44929.0,22.98,23.26,23.34,22.89
2025-02-27,22.74,22.68,23.02,22.08,52829.0,23.34,23.28,23.62,22.68
2025-02-28,22.45,21.89,22.6,21.83,45143.0,23.05,22.49,23.2,22.43
2025-03-03,21.9,21.9,22.49,21.73,46145.0,22.5,22.5,23.09,22.33
2025-03-04,21.61,22.41,22.59,21.61,45219.0,22.21,23.01,23.19,22.21
2025-03-05,22.31,22.75,22.87,22.12,56017.0,22.91,23.35,23.47,22.72
2025-03-06,22.75,22.98,23.16,22.59,72940.0,23.35,23.58,23.76,23.19
2025-03-07,22.77,22.58,23.08,22.45,48280.0,23.37,23.18,23.68,23.05
2025-03-10,22.58,22.97,23.0,22.43,49804.0,23.18,23.57,23.6,23.03
2025-03-11,22.72,22.95,23.08,22.56,39317.0,23.32,23.55,23.68,23.16
2025-03-12,23.07,23.39,23.51,22.9,76015.0,23.67,23.99,24.11,23.5
2025-03-13,23.28,24.07,24.35,22.82,133861.0,23.88,24.67,24.95,23.42
2025-03-14,24.2,23.84,24.2,23.58,89431.0,24.8,24.44,24.8,24.18
2025-03-17,23.9,23.89,24.13,23.62,61636.0,24.5,24.49,24.73,24.22
2025-03-18,24.03,24.63,24.84,23.96,97152.0,24.63,25.23,25.44,24.56
2025-03-19,24.4,24.55,25.46,24.25,112280.0,25.0,25.15,26.06,24.85
2025-03-20,24.5,24.12,24.68,24.03,84641.0,25.1,24.72,25.28,24.63
2025-03-21,24.09,23.7,24.3,23.58,64356.0,24.69,24.3,24.9,24.18
2025-03-24,23.7,23.4,24.01,22.6,62572.0,24.3,24.0,24.61,23.2
2025-03-25,23.44,23.2,23.83,23.03,52417.0,24.04,23.8,24.43,23.63
2025-03-26,23.02,23.52,23.74,22.85,48286.0,23.62,24.12,24.34,23.45
2025-03-27,23.5,23.22,23.58,23.03,39513.0,24.1,23.82,24.18,23.63
2025-03-28,23.12,22.7,23.48,22.66,38800.0,23.72,23.3,24.08,23.26
2025-03-31,22.8,22.83,22.85,22.12,38525.0,23.4,23.43,23.45,22.72
2025-04-01,22.8,23.23,23.64,22.73,52786.0,23.4,23.83,24.24,23.33
2025-04-02,23.19,23.46,23.89,23.12,43264.0,23.79,24.06,24.49,23.72
2025-04-03,23.09,23.32,23.66,22.85,41881.0,23.69,23.92,24.26,23.45
2025-04-07,21.15,19.18,22.0,18.6,85103.0,21.75,19.78,22.6,19.2
2025-04-08,19.51,19.87,20.54,19.23,58721.0,20.11,20.47,21.14,19.83
2025-04-09,19.65,20.86,21.2,18.3,70573.0,20.25,21.46,21.8,18.9
2025-04-10,21.6,21.17,21.89,21.17,49614.0,22.2,21.77,22.49,21.77
2025-04-11,21.16,21.46,21.79,21.16,36836.0,21.76,22.06,22.39,21.76
2025-04-14,21.78,21.95,22.24,21.72,36581.0,22.38,22.55,22.84,22.32
2025-04-15,21.95,22.49,22.5,21.69,46487.0,22.55,23.09,23.1,22.29
2025-04-16,22.48,22.31,22.87,22.06,42839.0,23.08,22.91,23.47,22.66
2025-04-17,22.16,22.67,22.8,22.16,41410.0,22.76,23.27,23.4,22.76
2025-04-18,22.44,22.48,22.77,22.13,31077.0,23.04,23.08,23.37,22.73
2025-04-21,22.67,22.52,22.79,22.21,53807.0,23.27,23.12,23.39,22.81
2025-04-22,22.48,22.69,22.72,22.26,33318.0,23.08,23.29,23.32,22.86
2025-04-23,21.39,20.49,21.39,20.16,131550.0,21.99,21.09,21.99,20.76
2025-04-24,20.3,20.08,20.48,19.96,54428.0,20.9,20.68,21.08,20.56
2025-04-25,20.37,20.35,20.84,20.08,50996.0,20.97,20.95,21.44,20.68
2025-04-28,20.24,20.05,20.71,19.89,34813.0,20.84,20.65,21.31,20.49
2025-04-29,20.07,20.05,20.26,19.83,31403.0,20.67,20.65,20.86,20.43
2025-04-30,20.18,20.21,20.39,19.98,33089.0,20.78,20.81,20.99,20.58
2025-05-06,20.69,20.58,20.69,20.38,38771.0,21.29,21.18,21.29,20.98
2025-05-07,20.5,20.28,20.72,20.0,70932.0,21.1,20.88,21.32,20.6
2025-05-08,20.28,20.61,20.75,20.06,46595.0,20.88,21.21,21.35,20.66
2025-05-09,20.57,20.01,20.6,19.96,36779.0,21.17,20.61,21.2,20.56
2025-05-12,20.22,20.28,20.38,19.96,22437.0,20.82,20.88,20.98,20.56
2025-05-13,20.55,20.34,20.57,20.1,32080.0,21.15,20.94,21.17,20.7
2025-05-14,20.3,20.17,20.52,20.08,26401.0,20.9,20.77,21.12,20.68
2025-05-15,20.15,19.64,20.15,19.64,27456.0,20.75,20.24,20.75,20.24
2025-05-16,19.7,19.69,19.91,19.55,18504.0,20.3,20.29,20.51,20.15
2025-05-19,19.68,19.76,19.83,19.39,17994.0,20.28,20.36,20.43,19.99
2025-05-20,19.83,20.09,20.12,19.64,24664.0,20.43,20.69,20.72,20.24
2025-05-21,20.09,19.9,20.12,19.74,20214.0,20.69,20.5,20.72,20.34
2025-05-22,19.84,19.56,20.25,19.53,26441.0,20.44,20.16,20.85,20.13
2025-05-23,19.53,19.19,19.82,19.18,21474.0,20.13,19.79,20.42,19.78
2025-05-26,19.18,19.47,19.68,19.15,17078.0,19.78,20.07,20.28,19.75
2025-05-27,19.65,19.48,19.65,19.25,13315.0,20.25,20.08,20.25,19.85
2025-05-28,19.65,19.75,19.99,19.57,23104.0,20.25,20.35,20.59,20.17
2025-05-29,19.78,19.85,19.94,19.66,19656.0,20.38,20.45,20.54,20.26
2025-05-30,19.8,19.79,20.03,19.64,16078.0,20.4,20.39,20.63,20.24
2025-06-03,19.62,19.85,20.05,19.62,15432.0,20.22,20.45,20.65,20.22
2025-06-04,19.95,19.99,20.18,19.71,15672.0,20.55,20.59,20.78,20.31
2025-06-05,20.91,20.78,21.78,20.76,112786.0,21.51,21.38,22.38,21.36
2025-06-06,20.54,20.27,20.62,20.2,61698.0,21.14,20.87,21.22,20.8
2025-06-09,20.28,20.29,20.4,20.19,32210.0,20.88,20.89,21.0,20.79
2025-06-10,20.3,20.13,20.39,19.85,37175.0,20.9,20.73,20.99,20.45
2025-06-11,20.21,20.17,20.27,20.08,23144.0,20.36,20.32,20.42,20.23
2025-06-12,20.23,20.08,20.24,20.01,19888.0,20.38,20.23,20.39,20.16
2025-06-13,20.1,20.4,20.85,19.81,53533.0,20.25,20.55,21.0,19.96
2025-06-16,20.29,20.46,20.48,20.09,28037.0,20.44,20.61,20.63,20.24
2025-06-17,20.41,20.45,20.46,20.17,25201.0,20.56,20.6,20.61,20.32
2025-06-18,20.32,20.24,20.44,20.17,15765.0,20.47,20.39,20.59,20.32
2025-06-19,20.25,19.76,20.25,19.71,19912.0,20.4,19.91,20.4,19.86
2025-06-20,19.85,19.46,20.03,19.46,12911.0,20.0,19.61,20.18,19.61
2025-06-23,19.47,19.61,19.63,19.25,13144.0,19.62,19.76,19.78,19.4
2025-06-24,19.55,20.02,20.03,19.55,19509.0,19.7,20.17,20.18,19.7
2025-06-25,20.03,20.11,20.15,19.88,23618.0,20.18,20.26,20.3,20.03
2025-06-26,20.15,20.01,20.24,19.95,23503.0,20.3,20.16,20.39,20.1
2025-06-27,20.05,20.28,20.6,19.98,31873.0,20.2,20.43,20.75,20.13
2025-06-30,20.31,21.03,21.3,20.21,67656.0,20.46,21.18,21.45,20.36
2025-07-01,20.98,20.86,21.05,20.64,36795.0,21.13,21.01,21.2,20.79
2025-07-02,20.86,20.76,21.0,20.61,21509.0,21.01,20.91,21.15,20.76
2025-07-03,20.81,20.69,20.84,20.61,17612.0,20.96,20.84,20.99,20.76
2025-07-04,20.75,20.57,20.82,20.52,20186.0,20.9,20.72,20.97,20.67
2025-07-07,20.78,21.4,21.45,20.65,63431.0,20.93,21.55,21.6,20.8
2025-07-08,21.31,21.15,21.4,21.04,47984.0,21.46,21.3,21.55,21.19
2025-07-09,21.15,21.04,21.73,20.98,43063.0,21.3,21.19,21.88,21.13
2025-07-10,21.01,20.8,21.15,20.65,40077.0,21.16,20.95,21.3,20.8
2025-07-11,20.64,20.8,20.84,20.54,31648.0,20.79,20.95,20.99,20.69
2025-07-14,20.75,20.86,21.03,20.65,34362.0,20.9,21.01,21.18,20.8
2025-07-15,20.76,20.47,20.88,20.29,32312.0,20.91,20.62,21.03,20.44
2025-07-16,20.54,20.38,20.64,20.25,25035.0,20.69,20.53,20.79,20.4
2025-07-17,20.45,20.59,20.6,20.29,24068.0,20.6,20.74,20.75,20.44
2025-07-18,20.57,20.48,20.63,20.31,23291.0,20.72,20.63,20.78,20.46
2025-07-21,20.63,20.92,21.0,20.58,37791.0,20.78,21.07,21.15,20.73
2025-07-22,20.95,20.97,21.05,20.71,32843.0,21.1,21.12,21.2,20.86
2025-07-23,21.01,20.56,21.01,20.44,35740.0,21.16,20.71,21.16,20.59
2025-07-24,20.53,20.58,20.63,20.43,27249.0,20.68,20.73,20.78,20.58
2025-07-25,20.6,20.56,20.6,20.43,21884.0,20.75,20.71,20.75,20.58
2025-07-28,20.59,20.56,20.63,20.45,20865.0,20.74,20.71,20.78,20.6
2025-07-29,20.5,20.29,20.54,20.15,27673.0,20.65,20.44,20.69,20.3
2025-07-30,20.35,20.14,20.35,19.98,24027.0,20.5,20.29,20.5,20.13
2025-07-31,20.22,19.88,20.24,19.83,22009.0,20.37,20.03,20.39,19.98
2025-08-01,19.79,19.94,20.05,19.79,17579.0,19.94,20.09,20.2,19.94
2025-08-04,19.8,20.08,20.1,19.65,17431.0,19.95,20.23,20.25,19.8
2025-08-05,20.12,20.24,20.25,20.06,16213.0,20.27,20.39,20.4,20.21
2025-08-06,20.23,20.42,20.55,20.18,30653.0,20.38,20.57,20.7,20.33
2025-08-07,20.55,20.49,20.55,20.23,34259.0,20.7,20.64,20.7,20.38
2025-08-08,20.38,20.33,20.49,20.3,17676.0,20.53,20.48,20.64,20.45
2025-08-11,20.35,20.45,20.53,20.28,26216.0,20.5,20.6,20.68,20.43
2025-08-12,20.45,20.35,20.5,20.24,21343.0,20.6,20.5,20.65,20.39
2025-08-13,20.33,20.21,20.41,20.12,29901.0,20.48,20.36,20.56,20.27
2025-08-14,20.25,19.84,20.25,19.81,37119.0,20.4,19.99,20.4,19.96
2025-08-15,19.83,20.1,20.15,19.76,22236.0,19.98,20.25,20.3,19.91
2025-08-18,20.18,20.2,20.41,20.08,39004.0,20.33,20.35,20.56,20.23
2025-08-19,20.23,20.35,20.4,20.16,34546.0,20.38,20.5,20.55,20.31
2025-08-20,20.28,20.56,20.56,20.2,35481.0,20.43,20.71,20.71,20.35
2025-08-21,20.56,20.57,20.72,20.44,41320.0,20.71,20.72,20.87,20.59
2025-08-22,20.6,20.55,20.6,20.41,37315.0,20.75,20.7,20.75,20.56
2025-08-25,20.64,20.61,20.7,20.38,45468.0,20.79,20.76,20.85,20.53
2025-08-26,20.51,20.63,20.94,20.48,53185.0,20.66,20.78,21.09,20.63
2025-08-27,20.72,20.91,21.75,20.57,122198.0,20.87,21.06,21.9,20.72
2025-08-28,20.8,20.64,21.13,19.92,76331.0,20.95,20.79,21.28,20.07
2025-08-29,20.38,20.02,20.54,19.95,57740.0,20.53,20.17,20.69,20.1
2025-09-01,20.02,20.08,20.19,19.9,32127.0,20.17,20.23,20.34,20.05
2025-09-02,20.08,19.7,20.17,19.46,41731.0,20.23,19.85,20.32,19.61
2025-09-03,19.77,19.21,19.81,19.2,25992.0,19.92,19.36,19.96,19.35
2025-09-04,19.4,19.23,19.54,18.96,26340.0,19.55,19.38,19.69,19.11
2025-09-05,19.05,19.59,19.6,19.05,22404.0,19.2,19.74,19.75,19.2
2025-09-08,19.6,20.55,21.38,19.5,75528.0,19.75,20.7,21.53,19.65
2025-09-09,20.36,20.05,20.4,20.0,40098.0,20.51,20.2,20.55,20.15
2025-09-10,20.02,19.93,20.06,19.77,24472.0,20.17,20.08,20.21,19.92
2025-09-11,19.92,20.04,20.13,19.77,28135.0,20.07,20.19,20.28,19.92
2025-09-12,20.11,20.45,21.03,20.0,66593.0,20.26,20.6,21.18,20.15
2025-09-15,20.39,20.25,20.44,20.17,34138.0,20.54,20.4,20.59,20.32
2025-09-16,20.27,20.23,20.29,19.93,28544.0,20.42,20.38,20.44,20.08
2025-09-17,20.26,20.28,20.44,20.17,31774.0,20.41,20.43,20.59,20.32
2025-09-18,20.28,19.72,20.3,19.55,47179.0,20.43,19.87,20.45,19.7
2025-09-19,19.72,19.57,19.79,19.48,20737.0,19.87,19.72,19.94,19.63
2025-09-22,19.57,19.5,19.75,19.37,17250.0,19.72,19.65,19.9,19.52
2025-09-23,19.53,20.02,20.24,19.04,57064.0,19.68,20.17,20.39,19.19
2025-09-24,19.95,20.05,20.32,19.55,32954.0,20.1,20.2,20.47,19.7
2025-09-25,19.87,19.88,20.02,19.73,25473.0,20.02,20.03,20.17,19.88
2025-09-26,19.84,19.78,20.18,19.7,27043.0,19.99,19.93,20.33,19.85
2025-09-29,19.76,19.8,20.01,19.45,24142.0,19.91,19.95,20.16,19.6
2025-09-30,19.8,19.63,19.91,19.43,29380.0,19.95,19.78,20.06,19.58
2025-10-09,19.69,19.56,19.73,19.46,21573.0,19.84,19.71,19.88,19.61
2025-10-10,19.49,19.68,19.95,19.43,27978.0,19.64,19.83,20.1,19.58
2025-10-13,18.86,19.25,19.35,18.56,26513.0,19.01,19.4,19.5,18.71
2025-10-14,19.3,19.15,19.64,19.09,21965.0,19.45,19.3,19.79,19.24
2025-10-15,19.15,19.58,19.73,19.02,25058.0,19.3,19.73,19.88,19.17
2025-10-16,20.16,19.63,20.25,19.58,32917.0,20.31,19.78,20.4,19.73
2025-10-17,19.6,18.91,19.62,18.87,26446.0,19.75,19.06,19.77,19.02
2025-10-20,19.07,19.07,19.24,19.0,14266.0,19.22,19.22,19.39,19.15
2025-10-21,19.03,19.13,19.19,19.0,14068.0,19.18,19.28,19.34,19.15
2025-10-22,19.09,18.99,19.12,18.91,14588.0,19.24,19.14,19.27,19.06
2025-10-23,18.95,19.02,19.02,18.78,11619.0,19.1,19.17,19.17,18.93
2025-10-24,19.13,19.01,19.13,18.97,12775.0,19.28,19.16,19.28,19.12
2025-10-27,18.94,18.73,18.94,18.54,28263.0,19.09,18.88,19.09,18.69
2025-10-28,18.72,18.5,18.73,18.41,28655.0,18.87,18.65,18.88,18.56
2025-10-29,18.57,18.42,18.65,18.35,28054.0,18.72,18.57,18.8,18.5
2025-10-30,18.4,18.0,18.42,17.95,33009.0,18.55,18.15,18.57,18.1
2025-10-31,18.02,18.23,18.4,18.02,22561.0,18.17,18.38,18.55,18.17
2025-11-03,18.23,18.38,18.44,18.22,18309.0,18.38,18.53,18.59,18.37
2025-11-04,18.34,18.6,18.7,18.3,29074.0,18.49,18.75,18.85,18.45
2025-11-05,18.45,19.19,19.25,18.44,53434.0,18.6,19.34,19.4,18.59
2025-11-06,19.32,19.06,19.44,19.04,39006.0,19.47,19.21,19.59,19.19
2025-11-07,18.96,19.08,19.53,18.95,26996.0,19.11,19.23,19.68,19.1
2025-11-10,19.08,19.07,19.12,18.84,22649.0,19.23,19.22,19.27,18.99
2025-11-11,19.41,20.31,21.7,19.41,139291.0,19.56,20.46,21.85,19.56
2025-11-12,20.26,19.68,20.4,19.55,85236.0,20.41,19.83,20.55,19.7
2025-11-13,19.65,19.75,19.81,19.41,48124.0,19.8,19.9,19.96,19.56
2025-11-14,19.56,19.53,19.78,19.5,37214.0,19.71,19.68,19.93,19.65
2025-11-17,19.5,19.76,20.22,19.27,49000.0,19.65,19.91,20.37,19.42
2025-11-18,19.64,19.39,19.83,19.35,29914.0,19.79,19.54,19.98,19.5
2025-11-19,19.3,18.9,19.45,18.76,33194.0,19.45,19.05,19.6,18.91
2025-11-20,19.08,18.71,19.08,18.67,17591.0,19.23,18.86,19.23,18.82
2025-11-21,18.65,17.85,18.76,17.85,32062.0,18.8,18.0,18.91,18.0
2025-11-24,17.93,18.11,18.23,17.88,17740.0,18.08,18.26,18.38,18.03
2025-11-25,18.38,18.23,18.41,18.13,14358.0,18.53,18.38,18.56,18.28
2025-11-26,18.23,18.26,18.63,18.17,19949.0,18.38,18.41,18.78,18.32
2025-11-27,18.2,18.36,18.53,18.16,12416.0,18.35,18.51,18.68,18.31
2025-11-28,18.37,18.4,18.44,18.18,11948.0,18.52,18.55,18.59,18.33
2025-12-01,18.55,18.44,18.57,18.35,12665.0,18.7,18.59,18.72,18.5
2025-12-02,18.35,18.27,18.51,18.17,13009.0,18.5,18.42,18.66,18.32
2025-12-03,18.34,18.13,18.34,18.05,10533.0,18.49,18.28,18.49,18.2
2025-12-04,18.13,18.05,18.13,17.88,9249.0,18.28,18.2,18.28,18.03
2025-12-05,18.1,18.38,18.38,17.96,11817.0,18.25,18.53,18.53,18.11
2025-12-08,18.46,18.37,18.49,18.33,13207.0,18.61,18.52,18.64,18.48
2025-12-09,18.43,18.25,18.48,18.24,12110.0,18.58,18.4,18.63,18.39
2025-12-10,18.22,18.07,18.32,17.95,12577.0,18.37,18.22,18.47,18.1
2025-12-11,18.08,17.7,18.14,17.67,18278.0,18.23,17.85,18.29,17.82
2025-12-12,17.7,17.83,17.96,17.58,14436.0,17.85,17.98,18.11,17.73
2025-12-15,17.81,17.74,17.94,17.63,11012.0,17.96,17.89,18.09,17.78
2025-12-16,17.7,17.36,17.79,17.31,14602.0,17.85,17.51,17.94,17.46
2025-12-17,17.36,17.44,17.49,16.85,16108.0,17.51,17.59,17.64,17.0
2025-12-18,17.35,17.45,17.63,17.24,11819.0,17.5,17.6,17.78,17.39
2025-12-19,17.58,17.65,17.74,17.5,10526.0,17.73,17.8,17.89,17.65
2025-12-22,17.65,17.68,17.81,17.65,7819.0,17.8,17.83,17.96,17.8
2025-12-23,17.64,17.53,17.67,17.5,8557.0,17.79,17.68,17.82,17.65
2025-12-24,17.53,17.73,17.83,17.5,13417.0,17.68,17.88,17.98,17.65
2025-12-25,17.73,17.86,17.87,17.66,15109.0,17.88,18.01,18.02,17.81
2025-12-26,17.85,17.63,17.89,17.57,16006.0,18.0,17.78,18.04,17.72
2025-12-29,17.62,17.75,17.83,17.57,11228.0,17.77,17.9,17.98,17.72
2025-12-30,17.85,17.49,17.85,17.45,14202.0,18.0,17.64,18.0,17.6
2025-12-31,17.5,17.43,17.67,17.31,11034.0,17.65,17.58,17.82,17.46
2026-01-05,17.64,17.78,17.91,17.52,21831.0,17.79,17.93,18.06,17.67
2026-01-06,17.78,18.05,18.05,17.78,17900.0,17.93,18.2,18.2,17.93
2026-01-07,18.05,17.95,18.15,17.87,16257.0,18.2,18.1,18.3,18.02
2026-01-08,17.95,18.15,18.19,17.9,16729.0,18.1,18.3,18.34,18.05
2026-01-09,18.15,18.32,18.34,18.1,21400.0,18.3,18.47,18.49,18.25
2026-01-12,18.33,18.67,18.71,18.29,28709.0,18.48,18.82,18.86,18.44
2026-01-13,18.59,19.12,19.39,18.45,53281.0,18.74,19.27,19.54,18.6
2026-01-14,19.31,18.95,19.7,18.66,58230.0,19.46,19.1,19.85,18.81
2026-01-15,18.8,19.23,19.38,18.76,38898.0,18.95,19.38,19.53,18.91
2026-01-16,19.91,19.38,21.33,19.38,149323.0,20.06,19.53,21.48,19.53
2026-01-19,19.05,19.99,20.33,18.88,98705.0,19.2,20.14,20.48,19.03
2026-01-20,19.88,20.2,20.51,19.57,83493.0,20.03,20.35,20.66,19.72
2026-01-21,19.91,19.54,20.2,19.46,55051.0,20.06,19.69,20.35,19.61
2026-01-22,19.7,19.39,19.73,19.27,42726.0,19.85,19.54,19.88,19.42
2026-01-23,19.46,19.85,19.86,19.3,50054.0,19.61,20.0,20.01,19.45
2026-01-26,19.95,19.51,19.99,19.36,39716.0,20.1,19.66,20.14,19.51
2026-01-27,19.45,19.37,19.62,18.8,33813.0,19.6,19.52,19.77,18.95
2026-01-28,19.35,19.07,19.53,19.0,26890.0,19.5,19.22,19.68,19.15
2026-01-29,19.11,18.75,19.24,18.6,26588.0,19.26,18.9,19.39,18.75
2026-01-30,18.58,18.86,18.94,18.35,28115.0,18.73,19.01,19.09,18.5
2026-02-02,19.04,18.92,19.5,18.9,47572.0,19.19,19.07,19.65,19.05
2026-02-03,19.13,19.36,19.36,18.92,28667.0,19.28,19.51,19.51,19.07
2026-02-04,19.34,19.29,19.66,19.12,28173.0,19.49,19.44,19.81,19.27
2026-02-05,19.29,18.93,19.29,18.87,19665.0,19.44,19.08,19.44,19.02
2026-02-06,19.02,19.03,19.28,18.7,20691.0,19.17,19.18,19.43,18.85
2026-02-09,19.32,19.19,19.32,19.03,14418.0,19.47,19.34,19.47,19.18
2026-02-10,19.26,19.16,19.3,19.1,18922.0,19.41,19.31,19.45,19.25
2026-02-11,19.16,19.05,19.22,19.01,14771.0,19.31,19.2,19.37,19.16
2026-02-12,19.21,19.37,19.52,18.9,30075.0,19.36,19.52,19.67,19.05
2026-02-13,19.25,19.04,19.3,19.0,18988.0,19.4,19.19,19.45,19.15
2026-02-24,19.17,19.53,19.6,19.17,30774.0,19.32,19.68,19.75,19.32
2026-02-25,19.62,19.86,20.25,19.46,60540.0,19.77,20.01,20.4,19.61
2026-02-26,19.86,20.08,20.08,19.65,42375.0,20.01,20.23,20.23,19.8
2026-02-27,20.03,19.94,20.07,19.83,29480.0,20.18,20.09,20.22,19.98
2026-03-02,19.63,19.58,20.11,19.43,33104.0,19.78,19.73,20.26,19.58
2026-03-03,19.59,19.2,20.2,19.14,42644.0,19.74,19.35,20.35,19.29
2026-03-04,19.0,23.07,23.07,19.0,276552.0,19.15,23.22,23.22,19.15
2026-03-05,27.35,24.26,27.7,23.66,465452.0,27.5,24.41,27.85,23.81
2026-03-06,23.3,25.1,25.65,22.45,383167.0,23.45,25.25,25.8,22.6
2026-03-09,23.84,27.62,28.73,23.84,404263.0,23.99,27.77,28.88,23.99
2026-03-10,26.45,27.2,27.29,25.54,326148.0,26.6,27.35,27.44,25.69
2026-03-11,26.51,25.84,26.58,25.58,212783.0,26.66,25.99,26.73,25.73
2026-03-12,25.35,24.65,25.35,24.29,196275.0,25.5,24.8,25.5,24.44
2026-03-13,24.65,23.23,24.68,22.96,178898.0,24.8,23.38,24.83,23.11
2026-03-16,23.03,24.02,24.09,22.8,144589.0,23.18,24.17,24.24,22.95
2026-03-17,23.8,22.55,23.83,22.53,119824.0,23.95,22.7,23.98,22.68
2026-03-18,22.66,23.3,23.33,22.66,103731.0,22.81,23.45,23.48,22.81
2026-03-19,22.84,24.05,24.15,22.69,154713.0,22.99,24.2,24.3,22.84
2026-03-20,23.87,24.58,25.23,23.12,220554.0,24.02,24.73,25.38,23.27
2026-03-23,23.85,24.04,25.51,23.45,205222.0,24.0,24.19,25.66,23.6
2026-03-24,24.4,25.33,25.35,22.66,214543.0,24.55,25.48,25.5,22.81
2026-03-25,24.86,24.72,25.8,24.16,216859.0,25.01,24.87,25.95,24.31
2026-03-26,24.23,22.89,24.23,22.74,147485.0,24.38,23.04,24.38,22.89
2026-03-27,22.46,23.07,23.33,21.7,93691.0,22.61,23.22,23.48,21.85
2026-03-30,22.47,21.83,22.47,21.29,102384.0,22.62,21.98,22.62,21.44
2026-03-31,21.68,21.28,22.7,21.25,91705.0,21.83,21.43,22.85,21.4
2026-04-01,21.83,21.95,22.13,21.45,92618.0,21.98,22.1,22.28,21.6
2026-04-02,21.95,20.75,22.32,20.45,104490.0,22.1,20.9,22.47,20.6
2026-04-03,20.79,20.0,20.86,19.79,80415.0,20.94,20.15,21.01,19.94
2026-04-07,20.0,20.26,20.58,19.85,50165.0,20.15,20.41,20.73,20.0
2026-04-08,20.68,21.15,21.34,20.68,80146.0,20.83,21.3,21.49,20.83
2026-04-09,20.98,20.72,21.07,20.54,50979.0,21.13,20.87,21.22,20.69
2026-04-10,20.85,20.89,21.26,20.78,47275.0,21.0,21.04,21.41,20.93
2026-04-13,20.86,20.96,21.09,20.65,46737.0,21.01,21.11,21.24,20.8
2026-04-14,21.1,20.95,21.24,20.55,55032.0,21.25,21.1,21.39,20.7
2026-04-15,21.01,22.96,23.73,20.96,186314.0,21.16,23.11,23.88,21.11
2026-04-16,22.74,23.01,23.05,22.15,124235.0,22.89,23.16,23.2,22.3
2026-04-17,23.01,22.62,23.28,22.62,83696.0,23.16,22.77,23.43,22.77
2026-04-20,22.6,22.66,22.75,22.33,82019.0,22.75,22.81,22.9,22.48
2026-04-21,22.34,22.04,22.41,21.55,80633.0,22.49,22.19,22.56,21.7
2026-04-22,22.15,22.24,22.3,21.89,59156.0,22.3,22.39,22.45,22.04
2026-04-23,22.24,23.23,23.23,21.96,134456.0,22.39,23.38,23.38,22.11
2026-04-24,23.05,22.71,23.77,22.56,126967.0,23.2,22.86,23.92,22.71
2026-04-27,22.2,22.95,23.06,21.97,95251.0,22.35,23.1,23.21,22.12
2026-04-28,22.7,22.55,23.34,22.07,75893.0,22.85,22.7,23.49,22.22
2026-04-29,22.42,22.57,23.09,22.26,82480.0,22.57,22.72,23.24,22.41
2026-04-30,22.36,22.2,22.53,21.98,63381.0,22.51,22.35,22.68,22.13
2026-05-06,22.35,22.73,22.88,22.34,81814.0,22.5,22.88,23.03,22.49
2026-05-07,23.35,23.09,23.85,23.08,138591.0,23.5,23.24,24.0,23.23
2026-05-08,23.35,23.41,23.48,22.78,98812.0,23.5,23.56,23.63,22.93
2026-05-11,23.49,23.6,24.23,23.42,121059.0,23.64,23.75,24.38,23.57
2026-05-12,23.54,25.25,25.45,23.18,225845.0,23.69,25.4,25.6,23.33
2026-05-13,24.75,25.57,25.74,24.36,186191.0,24.9,25.72,25.89,24.51
2026-05-14,25.11,23.55,25.31,23.53,141932.0,25.26,23.7,25.46,23.68
2026-05-15,23.35,22.9,23.95,22.58,85698.0,23.5,23.05,24.1,22.73
2026-05-18,23.0,23.43,23.43,22.5,60097.0,23.15,23.58,23.58,22.65
2026-05-19,23.43,23.67,24.04,22.95,68396.0,23.58,23.82,24.19,23.1
2026-05-20,23.35,22.15,23.55,21.85,87776.0,23.5,22.3,23.7,22.0
2026-05-21,22.01,20.95,22.25,20.85,76160.0,22.16,21.1,22.4,21.0
2026-05-22,21.09,21.43,21.58,20.86,44048.0,21.24,21.58,21.73,21.01
2026-05-25,21.6,21.36,22.13,21.07,55940.0,21.75,21.51,22.28,21.22
2026-05-26,21.36,20.6,21.36,20.35,55897.0,21.51,20.75,21.51,20.5
2026-05-27,20.73,21.47,22.14,20.55,80033.0,20.88,21.62,22.29,20.7
2026-05-28,21.73,21.83,22.42,21.23,63762.0,21.88,21.98,22.57,21.38
2026-05-29,22.2,23.16,23.55,21.75,122671.0,22.2,23.16,23.55,21.75
2026-06-01,23.25,23.7,23.99,22.66,106522.0,23.25,23.7,23.99,22.66
2026-06-02,23.17,22.59,23.2,22.03,80709.0,23.17,22.59,23.2,22.03
2026-06-03,22.41,22.13,22.42,21.72,68764.0,22.41,22.13,22.42,21.72
2026-06-04,21.76,21.4,22.37,21.11,54790.0,21.76,21.4,22.37,21.11
2026-06-05,21.33,21.44,21.83,20.55,55055.0,21.33,21.44,21.83,20.55
2026-06-08,20.8,22.81,22.83,20.62,95212.0,20.8,22.81,22.83,20.62
2026-06-09,22.65,22.33,23.22,22.18,67631.0,22.65,22.33,23.22,22.18
2026-06-10,22.43,23.09,23.2,22.23,88384.0,22.43,23.09,23.2,22.23
2026-06-11,22.87,23.5,23.5,22.66,83996.0,22.87,23.5,23.5,22.66
2026-06-12,23.5,23.97,24.22,22.7,109935.0,23.5,23.97,24.22,22.7
2026-06-15,24.31,24.65,25.19,23.71,121603.0,24.31,24.65,25.19,23.71
2026-06-16,24.48,24.97,25.18,24.11,108370.0,24.48,24.97,25.18,24.11
2026-06-17,24.51,25.49,26.8,24.51,150124.0,24.51,25.49,26.8,24.51
2026-06-18,25.35,24.11,26.24,24.01,143453.0,25.35,24.11,26.24,24.01
2026-06-22,24.22,25.85,26.44,23.92,166291.0,24.22,25.85,26.44,23.92
2026-06-23,25.48,24.65,25.67,24.48,98250.0,25.48,24.65,25.67,24.48
2026-06-24,24.89,24.58,25.75,24.05,101378.0,24.89,24.58,25.75,24.05
2026-06-25,24.36,23.75,24.68,23.51,86826.0,24.36,23.75,24.68,23.51
2026-06-26,23.56,21.95,24.13,21.6,104341.0,23.56,21.95,24.13,21.6
2026-06-29,21.95,21.04,22.11,20.65,79796.0,21.95,21.04,22.11,20.65
2026-06-30,20.75,21.25,21.53,20.4,77600.0,20.75,21.25,21.53,20.4
2026-07-01,21.2,21.49,21.69,20.14,104545.0,21.2,21.49,21.69,20.14
2026-07-02,21.0,21.03,22.07,20.8,74050.0,21.0,21.03,22.07,20.8
2026-07-03,21.05,21.13,21.45,20.83,55341.0,21.05,21.13,21.45,20.83
2026-07-06,21.18,19.63,21.63,19.62,81759.0,21.18,19.63,21.63,19.62
2026-07-07,19.61,19.92,20.04,19.09,55827.0,19.61,19.92,20.04,19.09
2026-07-08,19.7,19.62,20.2,19.41,34642.0,19.7,19.62,20.2,19.41
2026-07-09,19.62,19.94,20.04,18.8,49151.0,19.62,19.94,20.04,18.8
2026-07-10,19.94,20.06,20.28,19.61,40778.0,19.94,20.06,20.28,19.61
2026-07-13,19.95,20.55,21.1,19.35,63217.0,19.95,20.55,21.1,19.35
2026-07-14,20.46,20.39,20.7,19.93,41664.0,20.46,20.39,20.7,19.93
2026-07-15,20.36,20.67,20.77,20.14,36553.0,20.36,20.67,20.77,20.14
